player,predicted_rush_yds,predicted_rush_tds,predicted_rec_yds,predicted_rec_tds,predicted_receptions,predicted_fantasy_points,normalized_projected,potential_score,avg_fantasy,std_fantasy,games_played,consistency_score,prior_stat_score,final_grade,grade_label
Aaron Jones,1139.08,4.965,406.22,2.0,51.42416666666666,251.786484126984,72.36372128175515,72.36372128175515,93.4,26.688949023893766,5.0,71.4251084174038,64.41379310344828,69.3,Flex
Aaron Shampklin,113.46,1.9008333333333327,13.58,0.0,6.2,68.15258333333333,19.58712979397922,19.58712979397922,,,,,,20.3,Risky
Alexander Mattison,417.42,4.0,295.73,1.0,35.97,141.26566666666653,40.599912917456074,40.599912917456074,56.666666666666664,9.018499505645789,3.0,84.08500115324271,39.08045977011494,50.9,Depth
Alvin Kamara,949.23,6.007486291486291,543.19,2.0289230769230766,67.86280130980131,261.73493376068353,75.22291699662735,75.22291699662735,123.6,49.58628842734653,5.0,59.88164399177754,85.24137931034483,74.9,Starter
Ameer Abdullah,309.51,1.97,260.66,3.01,39.87,129.02800000000013,37.08279362935698,37.08279362935698,70.0,0.0,1.0,100.0,48.275862068965516,56.7,Depth
Antonio Gibson,536.69,1.1,205.84,0.0,23.04166666666667,105.56599999999987,30.33978820315505,30.33978820315505,75.0,30.23243291566195,5.0,59.690089983249536,51.724137931034484,45.2,Depth
Audric Estime,308.92,1.87,24.62,0.0,6.32,87.09616666666672,25.031537142388306,25.031537142388306,,,,,,22.5,Risky
Austin Ekeler,370.28,4.05,366.59,0.0366666666666666,34.88,130.03433333333328,37.37201497140937,37.37201497140937,124.6,72.34155099249669,5.0,41.94097077696115,85.93103448275862,55.5,Depth
Bijan Robinson,1479.45,14.12,436.02,1.054,62.07495238095238,329.86000000000024,94.80213834655802,94.80213834655802,128.5,31.81980515339464,2.0,75.23750590990686,88.62068965517241,87.7,Elite
Blake Corum,207.03,1.21,54.36,0.0,7.1,76.26161904761902,21.917675860925474,21.917675860925474,,,,,,21.3,Risky
Blake Watson,101.1,1.8446428571428573,14.46,0.4921904761904762,6.24,69.29128571428573,19.91439415053838,19.91439415053838,,,,,,20.5,Risky
Braelon Allen,326.41,1.93,151.16,0.9433333333333332,17.832777777777782,98.29266666666668,28.249423948903896,28.249423948903896,,,,,,23.8,Risky
Breece Hall,872.55,4.99,481.85,3.04,58.05826190476191,244.07366666666687,70.14704879065367,70.14704879065367,117.5,17.67766952966369,2.0,84.95517499641238,81.03448275862068,77.7,Starter
Brian Robinson Jr.,799.25,7.91,159.01,0.0,20.04,165.54666666666645,47.57829987311231,47.57829987311231,61.666666666666664,31.973947728319903,3.0,48.15035587596195,42.5287356321839,46.0,Depth
British Brooks,119.77,1.9001190476190477,14.22,0.0,6.2,68.10641666666666,19.57386144158629,19.57386144158629,,,,,,20.3,Risky
Bucky Irving,1122.24,7.883136363636364,391.01,0.01,46.95,244.26278571428583,70.20140181956394,70.20140181956394,95.0,0.0,1.0,100.0,65.51724137931035,76.0,Starter
Cam Akers,443.79,2.0,68.47,3.01,14.036666666666664,93.66500000000002,26.91942729712712,26.91942729712712,42.666666666666664,13.051181300301263,3.0,69.4112945443417,29.42528735632184,38.4,Risky
Cam Akers,443.28,2.03,17.29,2.7248333333333337,14.0,91.52094444444448,26.30322329724692,26.30322329724692,42.666666666666664,13.051181300301263,3.0,69.4112945443417,29.42528735632184,38.2,Risky
Cam Akers,443.86,1.99,52.2,2.94,14.04,93.20500000000013,26.787222775089266,26.787222775089266,42.666666666666664,13.051181300301263,3.0,69.4112945443417,29.42528735632184,38.4,Risky
Cam Akers,146.0,2.0044444444444447,67.65,3.021818181818182,13.97,68.60300000000001,19.71658005514132,19.71658005514132,42.666666666666664,13.051181300301263,3.0,69.4112945443417,29.42528735632184,35.5,Risky
Cam Akers,146.9,2.0342857142857143,17.29,2.91475,13.98,62.56216666666676,17.980437699611223,17.980437699611223,42.666666666666664,13.051181300301263,3.0,69.4112945443417,29.42528735632184,34.8,Risky
Cam Akers,146.1,2.0642857142857145,52.42,2.94,14.035,66.20827777777772,19.02833417078828,19.02833417078828,42.666666666666664,13.051181300301263,3.0,69.4112945443417,29.42528735632184,35.3,Risky
Cam Akers,298.85,1.86,67.99,3.0,13.943333333333332,80.61699999999999,23.169417289409026,23.169417289409026,42.666666666666664,13.051181300301263,3.0,69.4112945443417,29.42528735632184,36.9,Risky
Cam Akers,299.52,2.01,17.05,2.810416666666667,13.973333333333333,74.6581111111112,21.456825860208145,21.456825860208145,42.666666666666664,13.051181300301263,3.0,69.4112945443417,29.42528735632184,36.2,Risky
Cam Akers,299.39,1.98,52.3,2.95,14.061666666666666,78.04199999999996,22.429359367131728,22.429359367131728,42.666666666666664,13.051181300301263,3.0,69.4112945443417,29.42528735632184,36.6,Risky
Carson Steele,210.98,1.11,25.92,0.0,6.82,74.97750000000005,21.548618589338062,21.548618589338062,,,,,,21.1,Risky
Chase Brown,988.17,6.961666666666668,359.41,4.011349206349206,54.567,249.67791666666665,71.7577166007206,71.7577166007206,120.0,0.0,1.0,100.0,82.75862068965517,82.7,Elite
Chris Brooks,210.27,1.42,61.51,0.0,12.886666666666668,77.22190476190472,22.1936630650058,22.1936630650058,,,,,,21.4,Risky
Chris Collier,114.36,1.8375,14.75,0.0,6.13,67.54100000000007,19.41136004991474,19.41136004991474,,,,,,20.3,Risky
Chris Rodriguez,198.25,2.03,18.98,0.2386666666666666,6.19,73.87703571428573,21.2323439047454,21.2323439047454,,,,,,21.0,Risky
Christian McCaffrey,200.65,4.138018231768231,145.18,0.2841666666666667,15.525714285714288,79.01759523809524,22.709746545729168,22.709746545729168,116.9,43.907605010724254,10.0,62.44003025224589,80.62068965517241,52.9,Depth
Chuba Hubbard,1189.73,9.96,170.68,1.035,42.8,249.37319191919167,71.67013836247486,71.67013836247486,79.66666666666667,25.716402029314544,3.0,67.71999785793157,54.94252873563219,64.8,Flex
Clyde Edwards-Helaire,102.99,1.8008333333333335,17.42,0.01,6.785,70.10816666666669,20.149166663302243,20.149166663302243,60.5,7.7781745930520225,2.0,87.14351328183942,41.724137931034484,44.4,Depth
Cody Schrader,111.31,1.893333333333333,12.84,0.0,6.68,67.0157976190476,19.26041628959522,19.26041628959522,,,,,,20.2,Risky
Cordarrelle Patterson,151.35,1.55,74.73,1.1366666666666665,13.701285714285714,79.12583333333329,22.740854297136206,22.740854297136206,93.5,34.64823227814083,2.0,62.94306747853315,64.48275862068965,47.4,Depth
Craig Reynolds,174.02,1.3,45.52,0.1803333333333333,6.17,74.64900000000003,21.454207316534916,21.454207316534916,,,,,,21.1,Risky
D'Andre Swift,960.27,5.996666666666667,387.12,0.01,41.63,217.46166666666656,62.49872978962709,62.49872978962709,91.8,14.498275759551547,5.0,84.20667145793217,63.310344827586206,68.2,Flex
D'Ernest Johnson,182.32,1.26,93.99,0.01,14.11595238095238,80.48923809523808,23.132698372987942,23.132698372987942,37.0,0.0,1.0,100.0,25.517241379310345,43.2,Depth
D'Onta Foreman,242.53,1.58,45.15,0.0,6.35,74.12883333333332,21.304710826215974,21.304710826215974,31.0,5.656854249492381,2.0,81.75208365479607,21.379310344827587,36.4,Risky
Dalvin Cook,100.86,1.9443223443223443,15.66,0.4050000000000001,6.06,67.47396428571429,19.392093909552525,19.392093909552525,105.0,38.353617821530214,3.0,63.47274527975459,72.41379310344827,49.0,Depth
Dameon Pierce,248.61,1.98,19.07,0.0,6.1,76.06716666666671,21.861790025962584,21.861790025962584,60.0,0.0,1.0,100.0,41.37931034482759,48.2,Depth
Dare Ogunbowale,168.33,1.07,198.11,1.1166666666666665,17.298666666666662,85.71459523809523,24.63447194591985,24.63447194591985,,,,,,22.4,Risky
Darrynton Evans,119.77,2.032619047619048,14.38,0.0,6.14,68.10641666666666,19.57386144158629,19.57386144158629,,,,,,20.3,Risky
David Montgomery,773.57,11.99,340.71,0.0316666666666666,36.01,205.4623333333333,59.05010777200409,59.05010777200409,94.0,17.832554500127006,5.0,81.02919754210747,64.82758620689654,66.6,Flex
De'Von Achane,905.78,5.869741258741259,589.0,6.2,75.36457864357864,282.3830865800869,81.15721954978915,81.15721954978915,121.5,40.30508652763321,2.0,66.8270895506962,83.79310344827586,78.5,Starter
DeeJay Dallas,170.66,1.3125,19.84,1.7301666666666664,6.2,72.2189166666667,20.75579860871847,20.75579860871847,,,,,,20.8,Risky
Derrick Henry,1857.67,16.08,192.65,2.07,18.532666666666668,334.2230000000002,96.05606949797385,96.05606949797385,107.4,19.37266114915553,5.0,81.96214062497492,74.06896551724138,84.8,Elite
Deuce Vaughn,148.06,1.7825,17.48,0.0,6.17,68.20476190476195,19.602125974623437,19.602125974623437,,,,,,20.3,Risky
Devin Singletary,436.09,4.0,119.03,0.0,20.82,102.26733333333348,29.39174765961389,29.39174765961389,62.2,18.143869488066763,5.0,70.82979228880275,42.896551724137936,44.5,Depth
Dylan Laube,169.72,1.7358333333333331,18.22,0.0,6.21,72.75586904761909,20.910119332372638,20.910119332372638,,,,,,20.9,Risky
Emanuel Wilson,502.86,4.0,51.28,1.1708333333333334,11.411333333333332,103.52500000000003,29.753202486895695,29.753202486895695,41.0,0.0,1.0,100.0,28.27586206896552,46.8,Depth
Emari Demercado,215.98,1.555,97.37,0.0066666666666666,16.18204761904762,80.5877380952381,23.161007384772144,23.161007384772144,,,,,,21.8,Risky
Eric Gray,146.86,1.3358333333333332,70.47,0.015,11.723,76.12516666666664,21.878459291784736,21.878459291784736,,,,,,21.3,Risky
Ezekiel Elliott,220.02,3.06,64.93,0.0,13.86161904761905,80.6353095238095,23.174679467330712,23.174679467330712,97.25,16.459546368799682,4.0,83.07501676138833,67.06896551724138,53.5,Depth
George Holani,118.87,1.7972619047619047,14.43,0.0,6.29,66.17925000000005,19.01999155451237,19.01999155451237,,,,,,20.1,Risky
Gus Edwards,372.2,4.05,21.89,0.0,5.97,89.44383333333333,25.706259206672943,25.706259206672943,67.5,31.81980515339464,2.0,52.85954861927389,46.55172413793103,39.8,Risky
Hassan Haskins,170.4,1.9733333333333332,45.48,1.4766666666666668,6.3,77.85728571428575,22.37627227179169,22.37627227179169,,,,,,21.5,Risky
Hunter Luepke,143.9,1.0983333333333334,113.89,0.130047619047619,13.947047619047622,80.8548333333333,23.237770859317738,23.237770859317738,,,,,,21.8,Risky
Isaac Guerendo,415.66,4.01,152.62,0.0,14.971666666666668,96.75700000000006,27.80807160612961,27.80807160612961,39.0,0.0,1.0,100.0,26.89655172413793,45.5,Depth
Isaiah Davis,201.79,1.24,66.92,1.0925,10.923,80.41290476190474,23.110760086359917,23.110760086359917,,,,,,21.7,Risky
Isiah Pacheco,302.18,1.854,74.29,0.0,13.926333333333332,88.66666666666666,25.482900624693723,25.482900624693723,70.5,38.890872965260115,2.0,44.83564196650137,48.62068965517241,38.4,Risky
J.J. Taylor,120.67,2.078095238095238,15.25,0.0,6.21,67.78816666666671,19.482396030415526,19.482396030415526,,,,,,20.3,Risky
J.K. Dobbins,905.45,9.02,153.34,0.0,31.99,184.30849999999984,52.970472065259685,52.970472065259685,79.0,9.899494936611665,2.0,87.46899390974481,54.48275862068965,62.1,Flex
Jacob Kibodi,119.69,2.222655677655678,16.24,0.5886904761904762,6.735,69.0729523809524,19.85164490275953,19.85164490275953,,,,,,20.4,Risky
Jahmyr Gibbs,1453.05,15.98,523.85,3.936040764790765,52.74049999999999,347.9457380952383,100.0,100.0,145.0,38.18376618407357,2.0,73.66636833052603,100.0,93.4,Elite
Jaleel McLaughlin,493.72,1.17,74.83,2.14,24.00771428571428,100.23766666666673,28.80841915621627,28.80841915621627,45.5,4.949747468305833,2.0,89.12143437468093,31.379310344827587,44.8,Depth
Jamaal Williams,194.57,1.54,54.34,0.0,8.48,77.49883333333331,22.27325265071091,22.27325265071091,69.0,39.05124837953327,3.0,43.40398867598093,47.58620689655172,36.4,Risky
James Conner,1094.5,7.773731601731603,412.13,1.01,46.99,255.97912223887187,73.56869023318984,73.56869023318984,98.4,28.50964748992874,5.0,71.02678130061327,67.86206896551724,70.9,Starter
James Cook,1007.57,15.86,258.52,2.0,31.97,253.38700000000028,72.82371136002942,72.82371136002942,110.0,42.42640687119285,2.0,61.43053955863795,75.86206896551724,71.0,Starter
Jamycal Hasty,153.74,1.5158333333333331,55.9,1.114,11.679285714285715,75.6295,21.736004129270004,21.736004129270004,,,,,,21.2,Risky
Jase McClellan,113.46,1.8258333333333328,13.34,0.0,6.2,69.96841666666666,20.109002354704852,20.109002354704852,,,,,,20.5,Risky
Javonte Williams,513.4,4.06,345.15,0.02,52.08,164.13499999999982,47.17258527106127,47.17258527106127,79.33333333333333,4.932882862316246,3.0,93.78208050402893,54.71264367816092,61.5,Flex
Jaylen Warren,510.86,1.2,311.39,0.0,37.96,134.54400000000015,38.66809828927214,38.66809828927214,64.5,28.991378028648448,2.0,55.05212778423299,44.48275862068966,44.8,Depth
Jaylen Wright,248.02,1.63,20.85,0.0,6.14,72.75900000000006,20.911019171640135,20.911019171640135,,,,,,20.9,Risky
Jeff Wilson,143.47,1.728333333333333,18.64,0.0,6.09,70.16586904761907,20.16575039307237,20.16575039307237,54.75,14.221462653327892,4.0,74.02472622178054,37.75862068965517,39.8,Risky
Jeremy McNichols,243.16,4.0,27.29,0.0,10.418,78.92864285714288,22.68418153049452,22.68418153049452,,,,,,21.6,Risky
Jermar Jefferson,110.1,1.823809523809524,14.92,0.3791666666666667,6.21,68.97932142857142,19.82473526078675,19.82473526078675,,,,,,20.4,Risky
Jerome Ford,563.09,3.0,224.39,0.0,36.95,134.888,38.76696427966564,38.76696427966564,76.5,30.405591591021544,2.0,60.254129158741385,52.758620689655174,49.0,Depth
Joe Mixon,1013.68,10.99,310.41,1.0,35.98,230.26966666666664,66.1797635249776,66.1797635249776,105.8,35.835736353534024,5.0,66.12879393684123,72.9655172413793,68.5,Flex
Jonathan Taylor,1489.51,11.03,137.08,0.90525,17.916666666666668,259.55800000000016,74.59726376328109,74.59726376328109,95.4,41.98571185534431,5.0,55.989820319452285,65.79310344827587,66.9,Flex
Jonathan Ward,117.97,2.071428571428571,13.66,0.0,6.24,68.45474999999999,19.673972836897583,19.673972836897583,,,,,,20.4,Risky
Jonathon Brooks,103.87,1.835333333333333,18.56,0.0,6.7,69.47736904761904,19.96787471171783,19.96787471171783,,,,,,20.5,Risky
Jordan Mason,788.25,3.13,91.58,0.0,11.602,121.99383333333331,35.06116614652761,35.06116614652761,29.0,0.0,1.0,100.0,20.0,46.0,Depth
Jordan Mims,139.48,1.6325,71.18,0.0,13.816666666666665,80.6245,23.171572797920515,23.171572797920515,,,,,,21.8,Risky
Josh Jacobs,1316.73,14.92,341.4,1.0,36.01,298.04263636363606,85.65779192905563,85.65779192905563,108.6,22.897598127314577,5.0,78.91565569385715,74.89655172413792,80.2,Elite
Joshua Kelley,113.46,2.034333333333333,13.74,0.0,6.14,68.15258333333333,19.58712979397922,19.58712979397922,,,,,,20.3,Risky
Julius Chestnut,145.7,1.2925,19.58,0.0,6.13,73.02483333333336,20.987419973325064,20.987419973325064,,,,,,20.9,Risky
Justice Hill,230.04,1.05,385.3,3.015,41.85,129.18900000000016,37.129065212070245,37.129065212070245,59.0,9.899494936611665,2.0,83.22119530707862,40.689655172413794,49.9,Depth
Kareem Hunt,727.76,7.02,175.73,0.0,23.51666666666667,160.7477272727271,46.19907924514594,46.19907924514594,84.5,27.577164466275352,2.0,67.364302792996,58.27586206896552,55.7,Depth
Ke'Shawn Vaughn,113.46,2.034333333333333,13.74,0.0,6.14,68.15258333333333,19.58712979397922,19.58712979397922,,,,,,20.3,Risky
Keaton Mitchell,119.77,1.7926190476190476,16.62,0.3545,6.25,69.93515476190476,20.09944284552851,20.09944284552851,,,,,,20.5,Risky
Kendre Miller,183.62,1.8230952380952383,22.18,0.0,6.75,70.13600000000001,20.157165994889315,20.157165994889315,,,,,,20.6,Risky
Kenneth Gainwell,293.7,1.34,114.57,0.0,15.819,77.39933333333333,22.24465623779185,22.24465623779185,42.0,0.0,1.0,100.0,28.965517241379313,44.0,Depth
Kenneth Walker III,571.09,6.987857142857142,299.49,1.01,45.95,183.60600000000017,52.768572768017144,52.768572768017144,86.0,7.0,3.0,91.86046521092483,59.310344827586206,64.8,Flex
Kenny McIntosh,201.49,1.13,20.62,0.0,6.15,73.86000000000003,21.227447821126454,21.227447821126454,,,,,,21.0,Risky
Khalil Herbert,188.34,1.5,24.77,0.0,11.695,73.6284166666667,21.160890508310644,21.160890508310644,38.5,0.7071067811865476,2.0,98.16335905761004,26.551724137931032,42.3,Depth
Khalil Herbert,188.34,1.5,14.67,0.0,10.875,71.74141666666672,20.61856456682046,20.61856456682046,38.5,0.7071067811865476,2.0,98.16335905761004,26.551724137931032,42.1,Depth
Khalil Herbert,187.99,1.49,19.8,0.0,11.435,72.08866666666668,20.718364610902306,20.718364610902306,38.5,0.7071067811865476,2.0,98.16335905761004,26.551724137931032,42.1,Depth
Khalil Herbert,122.46,2.001309523809524,24.69,0.0,11.665,67.82220238095242,19.492177933327177,19.492177933327177,38.5,0.7071067811865476,2.0,98.16335905761004,26.551724137931032,41.6,Depth
Khalil Herbert,122.46,2.0097619047619046,14.59,0.0,10.845,66.17925000000005,19.01999155451237,19.01999155451237,38.5,0.7071067811865476,2.0,98.16335905761004,26.551724137931032,41.4,Depth
Khalil Herbert,120.31,2.0097619047619046,19.72,0.0,11.405,66.06328571428574,18.98666328719427,18.98666328719427,38.5,0.7071067811865476,2.0,98.16335905761004,26.551724137931032,41.4,Depth
Khalil Herbert,168.67,1.5466666666666669,24.73,0.0,11.695,71.64470238095241,20.59076877134851,20.59076877134851,38.5,0.7071067811865476,2.0,98.16335905761004,26.551724137931032,42.1,Depth
Khalil Herbert,168.67,1.5466666666666669,14.59,0.0,10.875,69.87475000000006,20.082082448405856,20.082082448405856,38.5,0.7071067811865476,2.0,98.16335905761004,26.551724137931032,41.9,Depth
Khalil Herbert,166.52,1.5466666666666669,19.64,0.0,11.435,69.97945238095241,20.112174031514623,20.112174031514623,38.5,0.7071067811865476,2.0,98.16335905761004,26.551724137931032,41.9,Depth
Kimani Vidal,188.87,1.67,57.12,1.1733809523809524,6.99,74.86700000000002,21.516860763935476,21.516860763935476,,,,,,21.1,Risky
Kyren Williams,1303.92,14.05,182.46,2.0,33.98,282.10099999999966,81.0761475465419,81.0761475465419,126.0,5.656854249492381,2.0,95.51043317095498,86.89655172413792,86.7,Elite
MarShawn Lloyd,111.31,1.8775,14.25,0.0,6.69,67.09391666666671,19.282867792535523,19.282867792535523,,,,,,20.2,Risky
Michael Carter,140.83,2.0564761904761903,52.54,0.0199999999999999,12.456666666666669,71.7863095238095,20.63146682491063,20.63146682491063,60.0,0.0,1.0,100.0,41.37931034482759,47.7,Depth
Mike Boone,109.86,1.9180952380952383,15.17,0.0,6.28,67.6371666666667,19.438998459050914,19.438998459050914,,,,,,20.3,Risky
Miles Sanders,242.94,1.95,151.18,1.090833333333333,23.961166666666667,84.48221428571428,24.280284261619595,24.280284261619595,52.25,27.909078570720794,4.0,46.585496580716246,36.03448275862069,34.0,Risky
Myles Gaskin,119.77,1.9326080586080587,15.34,0.4050000000000001,6.05,66.61482142857143,19.145175277398536,19.145175277398536,81.0,14.142135623730951,2.0,82.54057351958434,55.86206896551724,47.8,Depth
Najee Harris,1041.64,5.965,282.89,0.0,36.01,208.53549999999996,59.93333935963327,59.93333935963327,96.0,28.319604517012593,4.0,70.50041226873259,66.20689655172414,64.8,Flex
Nick Chubb,310.51,3.33,30.59,1.1624761904761904,6.5,92.79711111111108,26.66999504552374,26.66999504552374,89.0,15.524174696260024,3.0,82.55710727884147,61.37931034482759,52.8,Depth
Patrick Taylor,214.05,1.71,27.56,0.0,6.42,73.16300000000005,21.02712923012558,21.02712923012558,,,,,,20.9,Risky
Pierre Strong,168.83,1.29,96.32,0.01,14.653333333333332,81.04283333333333,23.29180227267236,23.29180227267236,,,,,,21.8,Risky
Rachaad White,613.1,3.0,392.13,5.9,50.99,194.61299999999997,55.93199705947577,55.93199705947577,111.5,9.192388155425117,2.0,91.75570576414155,76.89655172413794,72.2,Starter
Raheem Blackshear,172.04,1.3758333333333332,18.02,0.0,6.2,73.80336904761909,21.21117202114369,21.21117202114369,,,,,,21.0,Risky
Raheem Mostert,269.94,1.89,160.32,0.0,17.54438095238095,86.68254761904765,24.91266255870082,24.91266255870082,82.0,61.26173356998641,3.0,25.29056972818036,56.55172413793104,36.1,Risky
Rasheen Ali,123.36,1.8267857142857145,15.25,0.0,6.21,69.27316666666673,19.909186715690005,19.909186715690005,,,,,,20.5,Risky
Ray Davis,442.38,3.0,188.53,3.0,16.68933333333333,112.45800000000014,32.32055682464448,32.32055682464448,53.0,0.0,1.0,100.0,36.55172413793103,50.7,Depth
Rhamondre Stevenson,800.26,6.985,168.31,0.9748333333333332,32.9,179.2949999999999,51.529586475614195,51.529586475614195,73.0,26.14064523559687,4.0,64.19089742807418,50.3448275862069,54.3,Depth
Rico Dowdle,1075.35,2.17,248.54,3.02,38.96,201.59399999999977,57.938344381968044,57.938344381968044,69.0,0.0,1.0,100.0,47.58620689655172,64.8,Flex
Ronnie Rivers,146.84,1.2183333333333333,22.04,0.0,6.27,72.8001666666667,20.922850518358736,20.922850518358736,,,,,,20.9,Risky
Roschon Johnson,201.97,5.98404329004329,96.46,0.0,16.16766666666667,87.18233333333332,25.056301540175816,25.056301540175816,46.0,0.0,1.0,100.0,31.724137931034484,46.1,Depth
Samaje Perine,136.94,1.1166666666666665,318.82,1.14,27.49083333333333,98.27831746031748,28.245299970714726,28.245299970714726,56.0,0.0,1.0,100.0,38.62068965517241,49.8,Depth
Saquon Barkley,1880.61,13.03,278.02,2.0,32.99,335.0679999999998,96.29892345693463,96.29892345693463,101.5,26.04483314082341,4.0,74.34006612391717,70.0,81.6,Elite
Sean Tucker,303.15,1.99,112.57,0.9925,8.6,92.67749999999997,26.635618676447955,26.635618676447955,,,,,,23.2,Risky
Sincere McCormick,193.53,1.974367965367965,22.0,0.0,6.87,67.93833333333332,19.5255541008344,19.5255541008344,,,,,,20.3,Risky
Sione Vaki,146.64,1.3483333333333332,28.08,0.1925,6.12,73.2942023809524,21.064836943308272,21.064836943308272,,,,,,20.9,Risky
Tank Bigsby,763.85,7.03,50.14,0.005,7.02,135.8836666666666,39.05312000961285,39.05312000961285,49.0,0.0,1.0,100.0,33.793103448275865,52.4,Depth
Terrell Jennings,114.36,1.8375,14.61,0.0,6.21,68.88033333333338,19.796285969877214,19.796285969877214,,,,,,20.4,Risky
Tony Jones,128.96,4.529650793650793,13.04,0.0,6.07,68.16296428571427,19.59011329147448,19.59011329147448,,,,,,20.3,Risky
Tony Pollard,1076.06,5.0,238.27,0.0,40.64,205.2440000000002,58.9873585242253,58.9873585242253,76.4,24.613004692641653,5.0,67.7840256930865,52.689655172413794,59.0,Depth
Travis Etienne,556.51,1.98,254.59,0.0,38.91,136.30200000000016,39.17334948436475,39.17334948436475,82.0,42.15447781671598,3.0,48.59210085044269,56.55172413793104,47.6,Depth
Travis Homer,146.63,1.5125,19.4,0.0,6.25,71.58875000000003,20.5746879935644,20.5746879935644,,,,,,20.7,Risky
Trey Benson,303.2,1.51,53.16,0.195,7.06,76.3234523809524,21.935446831097973,21.935446831097973,,,,,,21.3,Risky
Trey Sermon,219.44,1.93,95.73,0.01,15.754333333333332,82.33366666666664,23.66278923759388,23.66278923759388,,,,,,22.0,Risky
Ty Chandler,225.56,1.35,46.11,0.0,6.23,73.05553571428571,20.996243872453828,20.996243872453828,39.0,0.0,1.0,100.0,26.89655172413793,42.8,Depth
Ty Johnson,209.04,1.09,283.12,2.989464285714285,17.57,95.21659523809524,27.365357529406765,27.365357529406765,50.0,11.313708498984761,2.0,77.3725834545788,34.48275862068966,42.4,Depth
Tyjae Spears,313.11,4.01,223.89,1.0,29.83166666666667,111.51666666666682,32.05001655635826,32.05001655635826,65.0,7.0710678118654755,2.0,89.12143430295413,44.827586206896555,50.8,Depth
Tyler Allgeier,644.78,3.0,88.49,0.0,13.246333333333334,112.76383333333342,32.408453671724,32.408453671724,39.666666666666664,8.504900548115382,3.0,78.55907478897615,27.35632183908046,42.2,Depth
Tyler Badie,135.86,2.0269761904761903,14.01,0.0,6.71,65.96425000000005,18.9582003105164,18.9582003105164,,,,,,20.1,Risky
Tyler Goodson,182.26,1.33,58.12,1.2166666666666668,12.63,79.86223809523808,22.95249786142761,22.95249786142761,,,,,,21.7,Risky
Tyrion Davis-Price,113.46,1.8908333333333327,13.58,0.0,6.2,69.47658333333332,19.967648896540435,19.967648896540435,,,,,,20.5,Risky
Tyrone Tracy Jr.,842.36,4.99,283.67,1.0,37.99,182.0159999999997,52.311604963581715,52.311604963581715,74.0,0.0,1.0,100.0,51.03448275862069,63.8,Flex
Will Shipley,149.88,1.3033333333333332,23.64,0.0,6.12,73.4672023809524,21.114557339639912,21.114557339639912,,,,,,20.9,Risky
Zach Charbonnet,567.71,7.84,340.01,1.0,41.97,178.9929999999999,51.44279133288497,51.44279133288497,67.5,40.30508652763321,2.0,40.28876158441359,46.55172413793103,46.9,Depth
Zack Moss,242.37,2.02,185.44,1.01,21.19166666666667,88.97759523809522,25.57226184898423,25.57226184898423,56.5,17.67766952966369,2.0,68.71208988179718,38.96551724137931,41.0,Depth
Zamir White,207.49,1.8875,24.94,0.0,6.8,70.87633333333336,20.369938635067683,20.369938635067683,21.0,0.0,1.0,100.0,14.482758620689657,38.2,Risky
