rk,player,age,team,pos,g,gs,tgt,rec,yds,y/r,td,1d,succ%,lng,r/g,y/g,ctch%,y/tgt,fmb,awards
1.0,CeeDee Lamb,24.0,DAL,WR,17.0,17.0,181.0,135.0,1749.0,13.0,12.0,80.0,63.5,92.0,7.9,102.9,74.6,9.7,3.0,"PB,AP-1,AP OPoY-3"
2.0,Tyreek Hill,29.0,MIA,WR,16.0,16.0,171.0,119.0,1799.0,15.1,13.0,83.0,57.9,78.0,7.4,112.4,69.6,10.5,1.0,"PB,AP-1,AP MVP-6,AP OPoY-2"
3.0,Amon-Ra St. Brown,24.0,DET,WR,16.0,16.0,164.0,119.0,1515.0,12.7,10.0,75.0,61.6,70.0,7.4,94.7,72.6,9.2,1.0,"PB,AP-1"
4.0,Evan Engram,29.0,JAX,TE,17.0,15.0,143.0,114.0,963.0,8.4,4.0,47.0,53.1,34.0,6.7,56.6,79.7,6.7,3.0,PB
5.0,Michael Pittman Jr.,26.0,IND,WR,16.0,15.0,156.0,109.0,1152.0,10.6,4.0,53.0,51.9,75.0,6.8,72.0,69.9,7.4,2.0,
6.0,Keenan Allen,31.0,LAC,WR,13.0,13.0,150.0,108.0,1243.0,11.5,7.0,57.0,58.7,42.0,8.3,95.6,72.0,8.3,2.0,PB
7.0,Stefon Diggs,30.0,BUF,WR,17.0,17.0,160.0,107.0,1183.0,11.1,8.0,58.0,55.0,55.0,6.3,69.6,66.9,7.4,2.0,PB
8.0,A.J. Brown,26.0,PHI,WR,17.0,17.0,158.0,106.0,1456.0,13.7,7.0,70.0,56.3,59.0,6.2,85.6,67.1,9.2,2.0,"PB,AP-2"
9.0,Puka Nacua,22.0,LAR,WR,17.0,17.0,160.0,105.0,1486.0,14.2,6.0,68.0,56.9,80.0,6.2,87.4,65.6,9.3,1.0,"PB,AP-2,AP ORoY-2"
10.0,Davante Adams,31.0,LVR,WR,17.0,17.0,175.0,103.0,1144.0,11.1,8.0,59.0,48.6,46.0,6.1,67.3,58.9,6.5,0.0,
11.0,Adam Thielen,33.0,CAR,WR,17.0,17.0,137.0,103.0,1014.0,9.8,4.0,56.0,58.4,32.0,6.1,59.6,75.2,7.4,2.0,
12.0,Ja'Marr Chase,23.0,CIN,WR,16.0,16.0,145.0,100.0,1216.0,12.2,7.0,63.0,56.6,76.0,6.3,76.0,69.0,8.4,1.0,PB
13.0,D.J. Moore,26.0,CHI,WR,17.0,17.0,136.0,96.0,1364.0,14.2,8.0,64.0,59.6,58.0,5.6,80.2,70.6,10.0,1.0,
14.0,T.J. Hockenson,26.0,MIN,TE,15.0,11.0,127.0,95.0,960.0,10.1,5.0,48.0,53.5,29.0,6.3,64.0,74.8,7.6,1.0,
15.0,Garrett Wilson,23.0,NYJ,WR,17.0,17.0,168.0,95.0,1042.0,11.0,3.0,47.0,44.0,68.0,5.6,61.3,56.5,6.2,2.0,
16.0,Travis Kelce,34.0,KAN,TE,15.0,15.0,121.0,93.0,984.0,10.6,5.0,50.0,62.0,53.0,6.2,65.6,76.9,8.1,1.0,PB
17.0,Chris Olave,23.0,NOR,WR,16.0,11.0,138.0,87.0,1123.0,12.9,5.0,57.0,53.6,51.0,5.4,70.2,63.0,8.1,0.0,
18.0,Sam LaPorta,22.0,DET,TE,17.0,14.0,120.0,86.0,889.0,10.3,10.0,48.0,55.8,48.0,5.1,52.3,71.7,7.4,0.0,"PB,AP-2,AP ORoY-3"
19.0,Chris Godwin,27.0,TAM,WR,17.0,17.0,130.0,83.0,1024.0,12.3,2.0,53.0,50.0,47.0,4.9,60.2,63.8,7.9,0.0,
20.0,Trey McBride,24.0,ARI,TE,17.0,12.0,106.0,81.0,825.0,10.2,3.0,42.0,57.5,38.0,4.8,48.5,76.4,7.8,1.0,
21.0,David Njoku,27.0,CLE,TE,16.0,16.0,123.0,81.0,882.0,10.9,6.0,35.0,43.9,43.0,5.1,55.1,65.9,7.2,2.0,PB
22.0,DeVonta Smith,25.0,PHI,WR,16.0,16.0,112.0,81.0,1066.0,13.2,7.0,47.0,55.4,63.0,5.1,66.6,72.3,9.5,1.0,
23.0,Nico Collins,24.0,HOU,WR,15.0,10.0,109.0,80.0,1297.0,16.2,8.0,53.0,61.5,75.0,5.3,86.5,73.4,11.9,1.0,
24.0,Mike Evans,30.0,TAM,WR,17.0,17.0,136.0,79.0,1255.0,15.9,13.0,54.0,53.7,75.0,4.6,73.8,58.1,9.2,0.0,"PB,AP-2"
25.0,Tyler Lockett,31.0,SEA,WR,17.0,17.0,122.0,79.0,894.0,11.3,5.0,47.0,58.2,37.0,4.6,52.6,64.8,7.3,0.0,
26.0,Terry McLaurin,28.0,WAS,WR,17.0,17.0,132.0,79.0,1002.0,12.7,4.0,47.0,49.2,48.0,4.6,58.9,59.8,7.6,0.0,
27.0,Rashee Rice,23.0,KAN,WR,16.0,8.0,102.0,79.0,938.0,11.9,7.0,44.0,61.8,67.0,4.9,58.6,77.5,9.2,2.0,AP ORoY-6
28.0,Zay Flowers,23.0,BAL,WR,16.0,16.0,108.0,77.0,858.0,11.1,5.0,41.0,55.6,75.0,4.8,53.6,71.3,7.9,0.0,AP ORoY-6
29.0,Breece Hall,22.0,NYJ,RB,17.0,16.0,95.0,76.0,591.0,7.8,4.0,28.0,40.0,50.0,4.5,34.8,80.0,6.2,2.0,AP CPoY-7
30.0,Calvin Ridley,29.0,JAX,WR,17.0,17.0,136.0,76.0,1016.0,13.4,8.0,49.0,48.5,59.0,4.5,59.8,55.9,7.5,1.0,AP CPoY-7
31.0,Brandon Aiyuk,25.0,SFO,WR,16.0,16.0,105.0,75.0,1342.0,17.9,7.0,61.0,70.5,76.0,4.7,83.9,71.4,12.8,1.0,AP-2
32.0,DeAndre Hopkins,31.0,TEN,WR,17.0,16.0,137.0,75.0,1057.0,14.1,7.0,48.0,43.8,61.0,4.4,62.2,54.7,7.7,0.0,
33.0,Alvin Kamara,28.0,NOR,RB,13.0,12.0,86.0,75.0,466.0,6.2,1.0,23.0,45.3,25.0,5.8,35.8,87.2,5.4,0.0,
34.0,Dalton Kincaid,24.0,BUF,TE,16.0,11.0,91.0,73.0,673.0,9.2,2.0,29.0,61.5,51.0,4.6,42.1,80.2,7.4,1.0,
35.0,Cole Kmet,24.0,CHI,TE,17.0,17.0,90.0,73.0,719.0,9.8,6.0,36.0,62.2,53.0,4.3,42.3,81.1,8.0,1.0,
36.0,Amari Cooper,29.0,CLE,WR,15.0,15.0,128.0,72.0,1250.0,17.4,5.0,50.0,53.1,75.0,4.8,83.3,56.3,9.8,2.0,PB
37.0,Jaylen Waddle,25.0,MIA,WR,14.0,14.0,104.0,72.0,1014.0,14.1,4.0,47.0,58.7,60.0,5.1,72.4,69.2,9.8,0.0,
38.0,Jake Ferguson,24.0,DAL,TE,17.0,16.0,102.0,71.0,761.0,10.7,5.0,40.0,55.9,40.0,4.2,44.8,69.6,7.5,0.0,PB
39.0,Jakobi Meyers,27.0,LVR,WR,16.0,16.0,106.0,71.0,807.0,11.4,8.0,46.0,54.7,33.0,4.4,50.4,67.0,7.6,0.0,
40.0,Jordan Addison,21.0,MIN,WR,17.0,14.0,108.0,70.0,911.0,13.0,10.0,38.0,50.0,62.0,4.1,53.6,64.8,8.4,0.0,
41.0,Drake London,22.0,ATL,WR,16.0,16.0,110.0,69.0,905.0,13.1,2.0,45.0,52.7,45.0,4.3,56.6,62.7,8.2,0.0,
42.0,Josh Downs,22.0,IND,WR,17.0,9.0,98.0,68.0,771.0,11.3,2.0,30.0,50.0,59.0,4.0,45.4,69.4,7.9,0.0,
43.0,Justin Jefferson,24.0,MIN,WR,10.0,9.0,100.0,68.0,1074.0,15.8,5.0,51.0,61.0,52.0,6.8,107.4,68.0,10.7,1.0,
44.0,Tyler Boyd,29.0,CIN,WR,17.0,13.0,98.0,67.0,667.0,10.0,2.0,28.0,46.9,64.0,3.9,39.2,68.4,6.8,0.0,
45.0,Christian McCaffrey,27.0,SFO,RB,16.0,16.0,83.0,67.0,564.0,8.4,7.0,31.0,55.4,41.0,4.2,35.3,80.7,6.8,3.0,"PB,AP-1,AP MVP-3,AP OPoY-1"
46.0,D.K. Metcalf,26.0,SEA,WR,16.0,16.0,119.0,66.0,1114.0,16.9,8.0,52.0,51.3,73.0,4.1,69.6,55.5,9.4,0.0,PB
47.0,George Kittle,30.0,SFO,TE,16.0,16.0,90.0,65.0,1020.0,15.7,6.0,42.0,60.0,66.0,4.1,63.8,72.2,11.3,0.0,"PB,AP-1"
48.0,Jayden Reed,23.0,GNB,WR,16.0,13.0,94.0,64.0,793.0,12.4,8.0,32.0,51.1,59.0,4.0,49.6,68.1,8.4,2.0,AP ORoY-6
49.0,Rachaad White,24.0,TAM,RB,17.0,17.0,70.0,64.0,549.0,8.6,3.0,23.0,54.3,43.0,3.8,32.3,91.4,7.8,3.0,
50.0,George Pickens,22.0,PIT,WR,17.0,16.0,106.0,63.0,1140.0,18.1,5.0,42.0,50.9,86.0,3.7,67.1,59.4,10.8,3.0,
51.0,Jaxon Smith-Njigba,21.0,SEA,WR,17.0,3.0,93.0,63.0,628.0,10.0,4.0,29.0,47.3,35.0,3.7,36.9,67.7,6.8,0.0,
52.0,Curtis Samuel,27.0,WAS,WR,16.0,13.0,91.0,62.0,613.0,9.9,4.0,26.0,50.5,37.0,3.9,38.3,68.1,6.7,0.0,
53.0,Tyler Conklin,28.0,NYJ,TE,17.0,12.0,87.0,61.0,621.0,10.2,0.0,27.0,44.8,37.0,3.6,36.5,70.1,7.1,0.0,
54.0,Jaylen Warren,25.0,PIT,RB,17.0,0.0,74.0,61.0,370.0,6.1,0.0,19.0,44.6,30.0,3.6,21.8,82.4,5.0,4.0,
55.0,Wan'Dale Robinson,22.0,NYG,WR,15.0,8.0,78.0,60.0,525.0,8.8,1.0,29.0,53.8,33.0,4.0,35.0,76.9,6.7,0.0,
56.0,Deebo Samuel,27.0,SFO,WR,15.0,15.0,89.0,60.0,892.0,14.9,7.0,34.0,56.2,54.0,4.0,59.5,67.4,10.0,1.0,
57.0,Romeo Doubs,23.0,GNB,WR,17.0,16.0,96.0,59.0,674.0,11.4,8.0,41.0,51.0,36.0,3.5,39.6,61.5,7.0,1.0,
58.0,Dallas Goedert,28.0,PHI,TE,14.0,14.0,83.0,59.0,592.0,10.0,3.0,33.0,60.2,49.0,4.2,42.3,71.1,7.1,0.0,
59.0,Cooper Kupp,30.0,LAR,WR,12.0,12.0,95.0,59.0,737.0,12.5,5.0,33.0,49.5,62.0,4.9,61.4,62.1,7.8,0.0,
60.0,Elijah Moore,23.0,CLE,WR,17.0,12.0,104.0,59.0,640.0,10.8,2.0,29.0,42.3,42.0,3.5,37.6,56.7,6.2,2.0,
61.0,Dalton Schultz,27.0,HOU,TE,15.0,8.0,88.0,59.0,635.0,10.8,5.0,35.0,52.3,31.0,3.9,42.3,67.0,7.2,1.0,
62.0,Courtland Sutton,28.0,DEN,WR,16.0,14.0,90.0,59.0,772.0,13.1,10.0,37.0,54.4,46.0,3.7,48.3,65.6,8.6,3.0,
63.0,Travis Etienne,24.0,JAX,RB,17.0,17.0,73.0,58.0,476.0,8.2,1.0,23.0,49.3,56.0,3.4,28.0,79.5,6.5,0.0,AP OPoY-8
64.0,Bijan Robinson,21.0,ATL,RB,17.0,16.0,86.0,58.0,487.0,8.4,4.0,24.0,45.3,71.0,3.4,28.6,67.4,5.7,4.0,AP ORoY-5
65.0,Christian Kirk,27.0,JAX,WR,12.0,12.0,85.0,57.0,787.0,13.8,3.0,34.0,57.6,57.0,4.8,65.6,67.1,9.3,2.0,
66.0,Tony Pollard,26.0,DAL,RB,17.0,17.0,67.0,55.0,311.0,5.7,0.0,12.0,43.3,60.0,3.2,18.3,82.1,4.6,3.0,
67.0,Logan Thomas,32.0,WAS,TE,16.0,15.0,78.0,55.0,496.0,9.0,4.0,21.0,56.4,29.0,3.4,31.0,70.5,6.4,2.0,
68.0,Brandin Cooks,30.0,DAL,WR,16.0,15.0,81.0,54.0,657.0,12.2,8.0,38.0,59.3,37.0,3.4,41.1,66.7,8.1,1.0,
69.0,Jerry Jeudy,24.0,DEN,WR,16.0,11.0,87.0,54.0,758.0,14.0,2.0,28.0,46.0,47.0,3.4,47.4,62.1,8.7,1.0,
70.0,Chigoziem Okonkwo,24.0,TEN,TE,17.0,11.0,77.0,54.0,528.0,9.8,1.0,25.0,48.1,39.0,3.2,31.1,70.1,6.9,0.0,
71.0,Kyle Pitts,23.0,ATL,TE,17.0,15.0,90.0,53.0,667.0,12.6,3.0,35.0,52.2,39.0,3.1,39.2,58.9,7.4,0.0,
72.0,Jahmyr Gibbs,21.0,DET,RB,15.0,3.0,71.0,52.0,316.0,6.1,1.0,20.0,46.5,24.0,3.5,21.1,73.2,4.5,2.0,"PB,AP ORoY-4"
73.0,Joe Mixon,27.0,CIN,RB,17.0,17.0,64.0,52.0,376.0,7.2,3.0,14.0,54.7,45.0,3.1,22.1,81.3,5.9,0.0,
74.0,Tyjae Spears,22.0,TEN,RB,17.0,1.0,70.0,52.0,385.0,7.4,1.0,17.0,34.3,48.0,3.1,22.6,74.3,5.5,1.0,
75.0,Darren Waller,31.0,NYG,TE,12.0,11.0,74.0,52.0,552.0,10.6,1.0,25.0,56.8,29.0,4.3,46.0,70.3,7.5,0.0,
76.0,Marquise Brown,26.0,ARI,WR,14.0,14.0,101.0,51.0,574.0,11.3,4.0,32.0,42.6,41.0,3.6,41.0,50.5,5.7,0.0,
77.0,Austin Ekeler,28.0,LAC,RB,14.0,14.0,74.0,51.0,436.0,8.5,1.0,20.0,43.2,39.0,3.6,31.1,68.9,5.9,5.0,
78.0,Ezekiel Elliott,28.0,NWE,RB,17.0,5.0,65.0,51.0,313.0,6.1,2.0,12.0,40.0,23.0,3.0,18.4,78.5,4.8,2.0,
79.0,Gerald Everett,29.0,LAC,TE,15.0,12.0,70.0,51.0,411.0,8.1,3.0,25.0,50.0,31.0,3.4,27.4,72.9,5.9,3.0,
80.0,Diontae Johnson,27.0,PIT,WR,13.0,11.0,87.0,51.0,717.0,14.1,5.0,37.0,52.9,71.0,3.9,55.2,58.6,8.2,1.0,
81.0,Samaje Perine,28.0,DEN,RB,17.0,1.0,56.0,50.0,455.0,9.1,0.0,23.0,67.9,29.0,2.9,26.8,89.3,8.1,3.0,
82.0,Darius Slayton,26.0,NYG,WR,17.0,13.0,79.0,50.0,770.0,15.4,4.0,29.0,49.4,80.0,2.9,45.3,63.3,9.7,0.0,
83.0,Jonnu Smith,28.0,ATL,TE,17.0,6.0,70.0,50.0,582.0,11.6,3.0,26.0,51.4,60.0,2.9,34.2,71.4,8.3,1.0,
84.0,Jahan Dotson,23.0,WAS,WR,17.0,16.0,83.0,49.0,518.0,10.6,4.0,27.0,48.2,33.0,2.9,30.5,59.0,6.2,0.0,
85.0,Demario Douglas,23.0,NWE,WR,14.0,7.0,79.0,49.0,561.0,11.4,0.0,26.0,45.6,42.0,3.5,40.1,62.0,7.1,3.0,
86.0,Antonio Gibson,25.0,WAS,RB,16.0,2.0,59.0,48.0,389.0,8.1,2.0,19.0,44.1,41.0,3.0,24.3,81.4,6.6,4.0,
87.0,K.J. Osborn,26.0,MIN,WR,16.0,12.0,75.0,48.0,540.0,11.3,3.0,28.0,45.3,47.0,3.0,33.8,64.0,7.2,1.0,
88.0,Tank Dell,24.0,HOU,WR,11.0,8.0,75.0,47.0,709.0,15.1,7.0,34.0,54.7,68.0,4.3,64.5,62.7,9.5,1.0,
89.0,Tyler Higbee,30.0,LAR,TE,15.0,15.0,70.0,47.0,495.0,10.5,2.0,26.0,57.1,33.0,3.1,33.0,67.1,7.1,0.0,
90.0,Cade Otton,24.0,TAM,TE,17.0,17.0,67.0,47.0,455.0,9.7,4.0,22.0,49.3,27.0,2.8,26.8,70.1,6.8,1.0,
91.0,Javonte Williams,23.0,DEN,RB,16.0,13.0,58.0,47.0,228.0,4.9,2.0,10.0,48.3,18.0,2.9,14.3,81.0,3.9,1.0,
92.0,Rashid Shaheed,25.0,NOR,WR,15.0,8.0,75.0,46.0,719.0,15.6,5.0,27.0,46.7,58.0,3.1,47.9,61.3,9.6,1.0,"PB,AP-1"
93.0,Mark Andrews,28.0,BAL,TE,10.0,9.0,61.0,45.0,544.0,12.1,6.0,27.0,62.3,38.0,4.5,54.4,73.8,8.9,1.0,
94.0,Gabriel Davis,24.0,BUF,WR,17.0,17.0,81.0,45.0,746.0,16.6,7.0,34.0,53.1,57.0,2.6,43.9,55.6,9.2,1.0,
95.0,James Cook,24.0,BUF,RB,17.0,13.0,54.0,44.0,445.0,10.1,4.0,16.0,59.3,48.0,2.6,26.2,81.5,8.2,4.0,PB
96.0,Jerome Ford,24.0,CLE,RB,17.0,12.0,63.0,44.0,319.0,7.3,5.0,16.0,41.3,50.0,2.6,18.8,69.8,5.1,1.0,
97.0,Isiah Pacheco,24.0,KAN,RB,14.0,13.0,49.0,44.0,244.0,5.5,2.0,12.0,44.9,33.0,3.1,17.4,89.8,5.0,1.0,
98.0,Jonathan Mingo,22.0,CAR,WR,15.0,14.0,85.0,43.0,418.0,9.7,0.0,15.0,32.9,40.0,2.9,27.9,50.6,4.9,1.0,
99.0,Hunter Henry,29.0,NWE,TE,14.0,10.0,61.0,42.0,419.0,10.0,6.0,29.0,63.9,24.0,3.0,29.9,68.9,6.9,1.0,
100.0,Tee Higgins,24.0,CIN,WR,12.0,11.0,76.0,42.0,656.0,15.6,5.0,33.0,53.9,80.0,3.5,54.7,55.3,8.6,0.0,
101.0,Saquon Barkley,26.0,NYG,RB,14.0,14.0,60.0,41.0,280.0,6.8,4.0,16.0,43.3,46.0,2.9,20.0,68.3,4.7,2.0,
102.0,Rondale Moore,23.0,ARI,WR,17.0,8.0,62.0,40.0,352.0,8.8,1.0,17.0,38.7,48.0,2.4,20.7,64.5,5.7,1.0,
103.0,Josh Reynolds,28.0,DET,WR,17.0,13.0,64.0,40.0,608.0,15.2,5.0,32.0,56.3,33.0,2.4,35.8,62.5,9.5,1.0,
104.0,Robert Woods,31.0,HOU,WR,14.0,11.0,75.0,40.0,426.0,10.7,1.0,26.0,45.3,26.0,2.9,30.4,53.3,5.7,0.0,
105.0,Tutu Atwell,24.0,LAR,WR,16.0,14.0,67.0,39.0,483.0,12.4,3.0,26.0,47.8,44.0,2.4,30.2,58.2,7.2,0.0,
106.0,Chuba Hubbard,24.0,CAR,RB,17.0,12.0,44.0,39.0,233.0,6.0,0.0,9.0,36.4,25.0,2.3,13.7,88.6,5.3,1.0,
107.0,Tanner Hudson,29.0,CIN,TE,12.0,1.0,50.0,39.0,352.0,9.0,1.0,21.0,58.0,26.0,3.3,29.3,78.0,7.0,0.0,
108.0,Trey Palmer,22.0,TAM,WR,17.0,8.0,68.0,39.0,385.0,9.9,3.0,17.0,41.2,54.0,2.3,22.6,57.4,5.7,3.0,
109.0,Khalil Shakir,23.0,BUF,WR,17.0,10.0,45.0,39.0,611.0,15.7,2.0,26.0,73.3,81.0,2.3,35.9,86.7,13.6,1.0,
110.0,D'Andre Swift,24.0,PHI,RB,16.0,15.0,49.0,39.0,214.0,5.5,1.0,8.0,42.9,20.0,2.4,13.4,79.6,4.4,3.0,PB
111.0,Michael Thomas,30.0,NOR,WR,10.0,7.0,64.0,39.0,448.0,11.5,1.0,21.0,54.7,31.0,3.9,44.8,60.9,7.0,0.0,
112.0,Dontayvion Wicks,22.0,GNB,WR,15.0,6.0,58.0,39.0,581.0,14.9,4.0,29.0,62.1,35.0,2.6,38.7,67.2,10.0,3.0,
113.0,Quentin Johnston,22.0,LAC,WR,17.0,10.0,67.0,38.0,431.0,11.3,2.0,20.0,47.8,57.0,2.2,25.4,56.7,6.4,0.0,
114.0,Josh Palmer,24.0,LAC,WR,10.0,6.0,61.0,38.0,581.0,15.3,2.0,22.0,47.5,79.0,3.8,58.1,62.3,9.5,1.0,
115.0,Rhamondre Stevenson,25.0,NWE,RB,12.0,12.0,51.0,38.0,238.0,6.3,0.0,8.0,35.3,34.0,3.2,19.8,74.5,4.7,1.0,
116.0,Michael Wilson,23.0,ARI,WR,13.0,12.0,58.0,38.0,565.0,14.9,3.0,29.0,56.9,69.0,2.9,43.5,65.5,9.7,0.0,
117.0,Kendrick Bourne,28.0,NWE,WR,8.0,5.0,55.0,37.0,406.0,11.0,4.0,15.0,49.1,36.0,4.6,50.8,67.3,7.4,1.0,
118.0,Josh Jacobs,25.0,LVR,RB,13.0,13.0,54.0,37.0,296.0,8.0,0.0,15.0,55.6,21.0,2.8,22.8,68.5,5.5,3.0,
119.0,Juwan Johnson,27.0,NOR,TE,13.0,11.0,59.0,37.0,368.0,9.9,4.0,23.0,50.8,32.0,2.8,28.3,62.7,6.2,0.0,
120.0,Brian Robinson Jr.,24.0,WAS,RB,15.0,15.0,43.0,36.0,368.0,10.2,4.0,15.0,53.5,51.0,2.4,24.5,83.7,8.6,4.0,
121.0,Nelson Agholor,30.0,BAL,WR,17.0,3.0,45.0,35.0,381.0,10.9,4.0,19.0,55.6,37.0,2.1,22.4,77.8,8.5,1.0,
122.0,Odell Beckham Jr.,31.0,BAL,WR,14.0,6.0,64.0,35.0,565.0,16.1,3.0,27.0,50.0,51.0,2.5,40.4,54.7,8.8,1.0,
123.0,DJ Chark,27.0,CAR,WR,15.0,11.0,66.0,35.0,525.0,15.0,5.0,22.0,43.9,47.0,2.3,35.0,53.0,8.0,2.0,
124.0,Kalif Raymond,29.0,DET,WR,17.0,3.0,44.0,35.0,489.0,14.0,1.0,20.0,65.9,41.0,2.1,28.8,79.5,11.1,1.0,
125.0,Durham Smythe,28.0,MIA,TE,16.0,14.0,43.0,35.0,366.0,10.5,0.0,22.0,72.1,22.0,2.2,22.9,81.4,8.5,0.0,
126.0,Michael Gallup,27.0,DAL,WR,17.0,13.0,57.0,34.0,418.0,12.3,2.0,19.0,50.9,41.0,2.0,24.6,59.6,7.3,0.0,
127.0,Roschon Johnson,22.0,CHI,RB,15.0,0.0,40.0,34.0,209.0,6.1,0.0,6.0,27.5,24.0,2.3,13.9,85.0,5.2,1.0,
128.0,Zay Jones,28.0,JAX,WR,9.0,7.0,64.0,34.0,321.0,9.4,2.0,14.0,43.8,36.0,3.8,35.7,53.1,5.0,0.0,
129.0,Luke Musgrave,23.0,GNB,TE,11.0,9.0,46.0,34.0,352.0,10.4,1.0,14.0,50.0,37.0,3.1,32.0,73.9,7.7,0.0,
130.0,Allen Robinson,30.0,PIT,WR,17.0,17.0,49.0,34.0,280.0,8.2,0.0,9.0,44.9,31.0,2.0,16.5,69.4,5.7,0.0,
131.0,Noah Brown,27.0,HOU,WR,10.0,7.0,55.0,33.0,567.0,17.2,2.0,24.0,52.7,75.0,3.3,56.7,60.0,10.3,0.0,
132.0,Zach Charbonnet,22.0,SEA,RB,16.0,2.0,40.0,33.0,209.0,6.3,0.0,7.0,45.0,39.0,2.1,13.1,82.5,5.2,0.0,
133.0,Taysom Hill,33.0,NOR,TE/QB,16.0,7.0,40.0,33.0,291.0,8.8,2.0,11.0,57.5,36.0,2.1,18.2,82.5,7.3,1.0,
134.0,DeVante Parker,30.0,NWE,WR,13.0,13.0,55.0,33.0,394.0,11.9,0.0,17.0,49.1,30.0,2.5,30.3,60.0,7.2,0.0,
135.0,Rashod Bateman,24.0,BAL,WR,16.0,12.0,56.0,32.0,367.0,11.5,1.0,20.0,50.0,29.0,2.0,22.9,57.1,6.6,0.0,
136.0,Noah Fant,26.0,SEA,TE,17.0,17.0,43.0,32.0,414.0,12.9,0.0,16.0,60.5,51.0,1.9,24.4,74.4,9.6,0.0,
137.0,Pat Freiermuth,25.0,PIT,TE,12.0,9.0,47.0,32.0,308.0,9.6,2.0,17.0,48.9,29.0,2.7,25.7,68.1,6.6,0.0,
138.0,Alec Pierce,23.0,IND,WR,17.0,16.0,65.0,32.0,514.0,16.1,2.0,24.0,46.2,58.0,1.9,30.2,49.2,7.9,0.0,
139.0,Kyren Williams,23.0,LAR,RB,12.0,11.0,48.0,32.0,206.0,6.4,3.0,9.0,43.8,24.0,2.7,17.2,66.7,4.3,3.0,"PB,AP-2"
140.0,Tucker Kraft,23.0,GNB,TE,17.0,8.0,40.0,31.0,355.0,11.5,2.0,18.0,67.5,43.0,1.8,20.9,77.5,8.9,0.0,
141.0,Jaleel McLaughlin,23.0,DEN,RB,17.0,3.0,36.0,31.0,160.0,5.2,2.0,5.0,38.9,22.0,1.8,9.4,86.1,4.4,0.0,
142.0,Darnell Mooney,26.0,CHI,WR,15.0,14.0,61.0,31.0,414.0,13.4,1.0,20.0,41.0,41.0,2.1,27.6,50.8,6.8,0.0,
143.0,Kenneth Gainwell,24.0,PHI,RB,16.0,2.0,37.0,30.0,183.0,6.1,0.0,11.0,48.6,19.0,1.9,11.4,81.1,4.9,3.0,
144.0,Kylen Granson,25.0,IND,TE,15.0,7.0,50.0,30.0,368.0,12.3,1.0,19.0,46.0,46.0,2.0,24.5,60.0,7.4,0.0,
145.0,Aaron Jones,29.0,GNB,RB,11.0,11.0,43.0,30.0,233.0,7.8,1.0,13.0,39.5,51.0,2.7,21.2,69.8,5.4,2.0,
146.0,Isaiah Likely,23.0,BAL,TE,17.0,8.0,40.0,30.0,411.0,13.7,5.0,15.0,60.0,54.0,1.8,24.2,75.0,10.3,0.0,
147.0,Alexander Mattison,25.0,MIN,RB,16.0,13.0,44.0,30.0,192.0,6.4,3.0,5.0,34.1,47.0,1.9,12.0,68.2,4.4,3.0,
148.0,Devin Singletary,26.0,HOU,RB,17.0,10.0,38.0,30.0,193.0,6.4,0.0,7.0,36.8,41.0,1.8,11.4,78.9,5.1,1.0,
149.0,Mike Gesicki,28.0,NWE,TE,17.0,10.0,45.0,29.0,244.0,8.4,2.0,11.0,44.4,18.0,1.7,14.4,64.4,5.4,0.0,
150.0,Najee Harris,25.0,PIT,RB,17.0,17.0,38.0,29.0,170.0,5.9,0.0,9.0,50.0,32.0,1.7,10.0,76.3,4.5,2.0,
151.0,Brandon Powell,28.0,MIN,WR,17.0,2.0,44.0,29.0,324.0,11.2,1.0,18.0,50.0,28.0,1.7,19.1,65.9,7.4,1.0,
152.0,JuJu Smith-Schuster,27.0,NWE,WR,11.0,7.0,47.0,29.0,260.0,9.0,1.0,13.0,42.6,37.0,2.6,23.6,61.7,5.5,0.0,
153.0,Kenneth Walker III,23.0,SEA,RB,15.0,15.0,37.0,29.0,259.0,8.9,1.0,9.0,43.2,64.0,1.9,17.3,78.4,7.0,1.0,
154.0,Noah Gray,24.0,KAN,TE,17.0,10.0,41.0,28.0,305.0,10.9,2.0,16.0,53.7,34.0,1.6,17.9,68.3,7.4,0.0,
155.0,Derrick Henry,29.0,TEN,RB,17.0,17.0,36.0,28.0,214.0,7.6,0.0,7.0,44.4,46.0,1.6,12.6,77.8,5.9,0.0,PB
156.0,Justice Hill,26.0,BAL,RB,16.0,5.0,39.0,28.0,206.0,7.4,1.0,8.0,30.8,24.0,1.8,12.9,71.8,5.3,1.0,
157.0,Christian Watson,24.0,GNB,WR,9.0,9.0,53.0,28.0,422.0,15.1,5.0,20.0,50.9,77.0,3.1,46.9,52.8,8.0,0.0,
158.0,Nick Westbrook-Ikhine,26.0,TEN,WR,14.0,9.0,45.0,28.0,370.0,13.2,3.0,18.0,57.8,33.0,2.0,26.4,62.2,8.2,0.0,
159.0,De'Von Achane,22.0,MIA,RB,11.0,4.0,37.0,27.0,197.0,7.3,3.0,10.0,48.6,23.0,2.5,17.9,73.0,5.3,1.0,
160.0,Braxton Berrios,28.0,MIA,WR,16.0,1.0,33.0,27.0,238.0,8.8,1.0,15.0,57.6,22.0,1.7,14.9,81.8,7.2,1.0,
161.0,James Conner,28.0,ARI,RB,13.0,13.0,33.0,27.0,165.0,6.1,2.0,11.0,39.4,34.0,2.1,12.7,81.8,5.0,0.0,
162.0,Zach Ertz,33.0,ARI,TE,7.0,7.0,43.0,27.0,187.0,6.9,1.0,8.0,41.9,17.0,3.9,26.7,62.8,4.3,0.0,
163.0,Michael Mayer,22.0,LVR,TE,14.0,12.0,40.0,27.0,304.0,11.3,2.0,19.0,60.0,32.0,1.9,21.7,67.5,7.6,0.0,
164.0,Zack Moss,26.0,IND,RB,14.0,8.0,37.0,27.0,192.0,7.1,2.0,10.0,35.1,26.0,1.9,13.7,73.0,5.2,0.0,
165.0,Donald Parham,26.0,LAC,TE,14.0,8.0,41.0,27.0,285.0,10.6,4.0,22.0,61.0,24.0,1.9,20.4,65.9,7.0,0.0,
166.0,Miles Sanders,26.0,CAR,RB,16.0,5.0,41.0,27.0,154.0,5.7,0.0,8.0,39.0,14.0,1.7,9.6,65.9,3.8,2.0,
167.0,Kadarius Toney,24.0,KAN,WR,13.0,2.0,38.0,27.0,169.0,6.3,1.0,12.0,44.7,18.0,2.1,13.0,71.1,4.4,1.0,
168.0,Justin Watson,27.0,KAN,WR,16.0,8.0,53.0,27.0,460.0,17.0,3.0,21.0,50.9,41.0,1.7,28.8,50.9,8.7,1.0,
169.0,Demarcus Robinson,29.0,LAR,WR,16.0,4.0,39.0,26.0,371.0,14.3,4.0,20.0,59.0,37.0,1.6,23.2,66.7,9.5,2.0,
170.0,Daniel Bellinger,23.0,NYG,TE,17.0,13.0,28.0,25.0,255.0,10.2,0.0,6.0,39.3,26.0,1.5,15.0,89.3,9.1,0.0,
171.0,Austin Hooper,29.0,LVR,TE,17.0,9.0,31.0,25.0,234.0,9.4,0.0,12.0,61.3,21.0,1.5,13.8,80.6,7.5,0.0,
172.0,Trenton Irwin,28.0,CIN,WR,16.0,5.0,32.0,25.0,316.0,12.6,1.0,15.0,59.4,32.0,1.6,19.8,78.1,9.9,2.0,
173.0,Jerick McKinnon,31.0,KAN,RB,12.0,0.0,32.0,25.0,192.0,7.7,4.0,10.0,43.8,27.0,2.1,16.0,78.1,6.0,0.0,
174.0,Raheem Mostert,31.0,MIA,RB,15.0,15.0,32.0,25.0,175.0,7.0,3.0,6.0,40.6,22.0,1.7,11.7,78.1,5.5,4.0,PB
175.0,Colby Parkinson,24.0,SEA,TE,17.0,1.0,34.0,25.0,247.0,9.9,2.0,11.0,52.9,27.0,1.5,14.5,73.5,7.3,0.0,
176.0,Hunter Renfrow,28.0,LVR,WR,17.0,3.0,37.0,25.0,255.0,10.2,0.0,11.0,40.5,38.0,1.5,15.0,67.6,6.9,1.0,
177.0,Greg Dortch,25.0,ARI,WR,16.0,4.0,41.0,24.0,280.0,11.7,2.0,14.0,48.8,38.0,1.5,17.5,58.5,6.8,0.0,
178.0,Jameson Williams,22.0,DET,WR,12.0,10.0,42.0,24.0,354.0,14.8,2.0,14.0,47.6,63.0,2.0,29.5,57.1,8.4,1.0,
179.0,Michael Carter,24.0,2TM,RB,15.0,0.0,31.0,24.0,101.0,4.2,1.0,5.0,32.3,10.0,1.6,6.7,77.4,3.3,0.0,
179.0,Michael Carter,24.0,NYJ,RB,9.0,0.0,20.0,15.0,68.0,4.5,0.0,4.0,30.0,10.0,1.7,7.6,75.0,3.4,0.0,
179.0,Michael Carter,24.0,ARI,RB,6.0,0.0,11.0,9.0,33.0,3.7,1.0,1.0,36.4,8.0,1.5,5.5,81.8,3.0,0.0,
180.0,Connor Heyward,24.0,PIT,TE,17.0,7.0,34.0,23.0,167.0,7.3,0.0,8.0,47.1,13.0,1.4,9.8,67.6,4.9,0.0,
181.0,Jalin Hyatt,22.0,NYG,WR,17.0,7.0,40.0,23.0,373.0,16.2,0.0,11.0,47.5,58.0,1.4,21.9,57.5,9.3,1.0,
182.0,Allen Lazard,28.0,NYJ,WR,14.0,12.0,49.0,23.0,311.0,13.5,1.0,17.0,40.8,39.0,1.6,22.2,46.9,6.3,0.0,
183.0,Tommy Tremble,23.0,CAR,TE,16.0,8.0,32.0,23.0,194.0,8.4,3.0,10.0,50.0,30.0,1.4,12.1,71.9,6.1,0.0,
184.0,AJ Dillon,25.0,GNB,RB,15.0,6.0,28.0,22.0,223.0,10.1,0.0,10.0,57.1,35.0,1.5,14.9,78.6,8.0,0.0,
185.0,Dawson Knox,27.0,BUF,TE,12.0,11.0,36.0,22.0,186.0,8.5,2.0,13.0,50.0,17.0,1.8,15.5,61.1,5.2,0.0,
186.0,Marvin Mims,21.0,DEN,WR,16.0,7.0,33.0,22.0,377.0,17.1,1.0,9.0,48.5,60.0,1.4,23.6,66.7,11.4,2.0,"PB,AP-2"
187.0,Chris Moore,30.0,TEN,WR,17.0,5.0,35.0,22.0,424.0,19.3,0.0,16.0,54.3,49.0,1.3,24.9,62.9,12.1,1.0,
188.0,Josh Oliver,26.0,MIN,TE,17.0,14.0,28.0,22.0,213.0,9.7,2.0,12.0,53.6,33.0,1.3,12.5,78.6,7.6,1.0,
189.0,Drew Sample,27.0,CIN,TE,17.0,10.0,27.0,22.0,163.0,7.4,2.0,9.0,44.4,22.0,1.3,9.6,81.5,6.0,0.0,
190.0,Jalen Tolbert,24.0,DAL,WR,17.0,6.0,36.0,22.0,268.0,12.2,2.0,13.0,55.6,45.0,1.3,15.8,61.1,7.4,1.0,
191.0,Adam Trautman,26.0,DEN,TE,17.0,12.0,35.0,22.0,204.0,9.3,3.0,10.0,51.4,24.0,1.3,12.0,62.9,5.8,0.0,
192.0,Cedrick Wilson Jr.,28.0,MIA,WR,15.0,3.0,38.0,22.0,296.0,13.5,3.0,14.0,47.4,31.0,1.5,19.7,57.9,7.8,0.0,
193.0,Ty Chandler,25.0,MIN,RB,17.0,4.0,25.0,21.0,159.0,7.6,0.0,7.0,48.0,19.0,1.2,9.4,84.0,6.4,0.0,
194.0,Emari Demercado,24.0,ARI,RB,14.0,2.0,30.0,21.0,119.0,5.7,0.0,4.0,30.0,22.0,1.5,8.5,70.0,4.0,0.0,
195.0,Xavier Gipson,22.0,NYJ,WR,17.0,3.0,38.0,21.0,229.0,10.9,0.0,9.0,34.2,36.0,1.2,13.5,55.3,6.0,5.0,
196.0,Isaiah Hodgins,25.0,NYG,WR,17.0,9.0,33.0,21.0,230.0,11.0,3.0,12.0,63.6,24.0,1.2,13.5,63.6,7.0,1.0,
197.0,Skyy Moore,23.0,KAN,WR,14.0,8.0,38.0,21.0,244.0,11.6,1.0,13.0,44.7,54.0,1.5,17.4,55.3,6.4,0.0,
198.0,Foster Moreau,26.0,NOR,TE,15.0,10.0,25.0,21.0,193.0,9.2,1.0,9.0,60.0,23.0,1.4,12.9,84.0,7.7,0.0,
199.0,Cedric Tillman,23.0,CLE,WR,14.0,3.0,44.0,21.0,224.0,10.7,0.0,12.0,40.9,23.0,1.5,16.0,47.7,5.1,0.0,
200.0,Marquez Valdes-Scantling,29.0,KAN,WR,16.0,10.0,42.0,21.0,315.0,15.0,1.0,14.0,40.5,46.0,1.3,19.7,50.0,7.5,1.0,
201.0,Parris Campbell,26.0,NYG,WR,12.0,3.0,27.0,20.0,104.0,5.2,0.0,2.0,37.0,17.0,1.7,8.7,74.1,3.9,0.0,
202.0,Khalil Herbert,25.0,CHI,RB,12.0,9.0,31.0,20.0,134.0,6.7,1.0,9.0,41.9,23.0,1.7,11.2,64.5,4.3,1.0,
203.0,Van Jefferson,27.0,2TM,WR,17.0,9.0,43.0,20.0,209.0,10.5,0.0,10.0,37.2,46.0,1.2,12.3,46.5,4.9,0.0,
203.0,Van Jefferson,27.0,LAR,WR,5.0,4.0,15.0,8.0,108.0,13.5,0.0,4.0,33.3,46.0,1.6,21.6,53.3,7.2,0.0,
203.0,Van Jefferson,27.0,ATL,WR,12.0,5.0,28.0,12.0,101.0,8.4,0.0,6.0,39.3,14.0,1.0,8.4,42.9,3.6,0.0,
204.0,Ameer Abdullah,30.0,LVR,RB,17.0,0.0,24.0,19.0,131.0,6.9,0.0,4.0,33.3,18.0,1.1,7.7,79.2,5.5,0.0,
205.0,John Bates,26.0,WAS,TE,17.0,4.0,28.0,19.0,151.0,7.9,0.0,6.0,50.0,35.0,1.1,8.9,67.9,5.4,0.0,
206.0,Jake Bobo,25.0,SEA,WR,17.0,0.0,25.0,19.0,196.0,10.3,2.0,9.0,60.0,31.0,1.1,11.5,76.0,7.8,0.0,
207.0,Jauan Jennings,26.0,SFO,WR,13.0,2.0,33.0,19.0,265.0,13.9,1.0,12.0,48.5,31.0,1.5,20.4,57.6,8.0,0.0,
208.0,Brandon Johnson,25.0,DEN,WR,13.0,2.0,30.0,19.0,284.0,14.9,4.0,12.0,60.0,50.0,1.5,21.8,63.3,9.5,0.0,
209.0,Terrace Marshall Jr.,23.0,CAR,WR,9.0,4.0,33.0,19.0,139.0,7.3,0.0,8.0,45.5,14.0,2.1,15.4,57.6,4.2,1.0,
210.0,Jonathan Taylor,24.0,IND,RB,10.0,7.0,23.0,19.0,153.0,8.1,1.0,5.0,43.5,40.0,1.9,15.3,82.6,6.7,1.0,
211.0,Tre Tucker,22.0,LVR,WR,16.0,1.0,34.0,19.0,331.0,17.4,2.0,12.0,41.2,50.0,1.2,20.7,55.9,9.7,0.0,
212.0,Mike Williams,29.0,LAC,WR,3.0,3.0,26.0,19.0,249.0,13.1,1.0,9.0,53.8,49.0,6.3,83.0,73.1,9.6,0.0,
213.0,Tyler Allgeier,23.0,ATL,RB,17.0,3.0,23.0,18.0,193.0,10.7,1.0,6.0,39.1,75.0,1.1,11.4,78.3,8.4,0.0,
214.0,Mack Hollins,30.0,ATL,WR,13.0,3.0,30.0,18.0,251.0,13.9,0.0,9.0,46.7,45.0,1.4,19.3,60.0,8.4,0.0,
215.0,Hayden Hurst,30.0,CAR,TE,9.0,8.0,32.0,18.0,184.0,10.2,1.0,7.0,46.9,48.0,2.0,20.4,56.3,5.8,0.0,
216.0,Will Mallory,24.0,IND,TE,12.0,2.0,26.0,18.0,207.0,11.5,0.0,11.0,50.0,43.0,1.5,17.3,69.2,8.0,1.0,
217.0,Irv Smith Jr.,25.0,CIN,TE,12.0,6.0,26.0,18.0,115.0,6.4,1.0,5.0,38.5,14.0,1.5,9.6,69.2,4.4,1.0,
218.0,Jamaal Williams,28.0,NOR,RB,13.0,4.0,20.0,18.0,62.0,3.4,0.0,1.0,30.0,12.0,1.4,4.8,90.0,3.1,1.0,
219.0,Calvin Austin III,24.0,PIT,WR,17.0,1.0,30.0,17.0,180.0,10.6,1.0,7.0,40.0,72.0,1.0,10.6,56.7,6.0,2.0,
220.0,Matt Breida,28.0,NYG,RB,17.0,4.0,21.0,17.0,88.0,5.2,0.0,2.0,19.0,22.0,1.0,5.2,81.0,4.2,1.0,
221.0,Will Dissly,27.0,SEA,TE,16.0,14.0,22.0,17.0,172.0,10.1,1.0,8.0,59.1,21.0,1.1,10.8,77.3,7.8,0.0,
222.0,Rico Dowdle,25.0,DAL,RB,16.0,0.0,22.0,17.0,144.0,8.5,2.0,6.0,40.9,32.0,1.1,9.0,77.3,6.5,0.0,
223.0,Clyde Edwards-Helaire,24.0,KAN,RB,15.0,3.0,22.0,17.0,188.0,11.1,1.0,7.0,50.0,48.0,1.1,12.5,77.3,8.5,0.0,
224.0,Brevin Jordan,23.0,HOU,TE,14.0,6.0,21.0,17.0,219.0,12.9,2.0,13.0,81.0,27.0,1.2,15.6,81.0,10.4,0.0,
225.0,Johnny Mundt,29.0,MIN,TE,17.0,0.0,23.0,17.0,172.0,10.1,1.0,8.0,52.2,32.0,1.0,10.1,73.9,7.5,0.0,
226.0,Latavius Murray,33.0,BUF,RB,16.0,4.0,22.0,17.0,119.0,7.0,0.0,7.0,45.5,22.0,1.1,7.4,77.3,5.4,1.0,
227.0,Tyler Scott,22.0,CHI,WR,17.0,4.0,32.0,17.0,168.0,9.9,0.0,10.0,43.8,30.0,1.0,9.9,53.1,5.3,1.0,
228.0,Deven Thompkins,24.0,TAM,WR,17.0,1.0,25.0,17.0,83.0,4.9,1.0,5.0,32.0,26.0,1.0,4.9,68.0,3.3,3.0,
229.0,Salvon Ahmed,25.0,MIA,RB,8.0,0.0,23.0,16.0,88.0,5.5,1.0,4.0,30.4,20.0,2.0,11.0,69.6,3.8,0.0,
230.0,Treylon Burks,23.0,TEN,WR,11.0,9.0,30.0,16.0,221.0,13.8,0.0,8.0,43.3,70.0,1.5,20.1,53.3,7.4,0.0,
231.0,Jamison Crowder,30.0,WAS,WR,17.0,0.0,20.0,16.0,159.0,9.9,1.0,8.0,60.0,26.0,0.9,9.4,80.0,8.0,2.0,
232.0,Alex Erickson,31.0,LAC,WR,8.0,3.0,29.0,16.0,232.0,14.5,1.0,12.0,48.3,27.0,2.0,29.0,55.2,8.0,0.0,
233.0,Bo Melton,24.0,GNB,WR,5.0,1.0,24.0,16.0,218.0,13.6,1.0,13.0,62.5,37.0,3.2,43.6,66.7,9.1,0.0,
234.0,John Metchie,23.0,HOU,WR,16.0,0.0,30.0,16.0,158.0,9.9,0.0,7.0,43.3,22.0,1.0,9.9,53.3,5.3,0.0,
235.0,David Montgomery,26.0,DET,RB,14.0,14.0,24.0,16.0,117.0,7.3,0.0,7.0,54.2,19.0,1.1,8.4,66.7,4.9,2.0,
236.0,Jeremy Ruckert,23.0,NYJ,TE,15.0,6.0,22.0,16.0,151.0,9.4,0.0,6.0,50.0,23.0,1.1,10.1,72.7,6.9,0.0,
237.0,Parker Washington,21.0,JAX,WR,9.0,1.0,21.0,16.0,132.0,8.3,2.0,5.0,52.4,19.0,1.8,14.7,76.2,6.3,2.0,
238.0,Jordan Akins,31.0,CLE,TE,17.0,4.0,23.0,15.0,132.0,8.8,0.0,6.0,52.2,28.0,0.9,7.8,65.2,5.7,0.0,
239.0,Dalvin Cook,28.0,NYJ,RB,15.0,1.0,20.0,15.0,78.0,5.2,0.0,3.0,30.0,15.0,1.0,5.2,75.0,3.9,2.0,
240.0,Derius Davis,23.0,LAC,WR,17.0,2.0,17.0,15.0,66.0,4.4,0.0,0.0,23.5,18.0,0.9,3.9,88.2,3.9,3.0,AP-2
241.0,Deonte Harty,26.0,BUF,WR,16.0,1.0,21.0,15.0,150.0,10.0,1.0,9.0,52.4,43.0,0.9,9.4,71.4,7.1,2.0,
242.0,Malik Heath,23.0,GNB,WR,13.0,1.0,24.0,15.0,125.0,8.3,1.0,6.0,41.7,16.0,1.2,9.6,62.5,5.2,0.0,
243.0,Kareem Hunt,28.0,CLE,RB,15.0,2.0,21.0,15.0,84.0,5.6,0.0,5.0,38.1,13.0,1.0,5.6,71.4,4.0,0.0,
244.0,Andrei Iosivas,24.0,CIN,WR,16.0,1.0,25.0,15.0,116.0,7.7,4.0,11.0,60.0,16.0,0.9,7.3,60.0,4.6,0.0,
245.0,Kyle Philips,24.0,TEN,WR,9.0,0.0,22.0,15.0,181.0,12.1,0.0,9.0,50.0,29.0,1.7,20.1,68.2,8.2,1.0,
246.0,Quez Watkins,25.0,PHI,WR,9.0,5.0,21.0,15.0,142.0,9.5,1.0,8.0,61.9,19.0,1.7,15.8,71.4,6.8,0.0,
247.0,Zamir White,24.0,LVR,RB,17.0,4.0,19.0,15.0,98.0,6.5,0.0,4.0,52.6,15.0,0.9,5.8,78.9,5.2,1.0,
248.0,Mecole Hardman,25.0,2TM,WR,11.0,2.0,24.0,15.0,124.0,8.3,0.0,8.0,50.0,37.0,1.4,11.3,62.5,5.2,1.0,
248.0,Mecole Hardman,25.0,NYJ,WR,5.0,0.0,3.0,1.0,6.0,6.0,0.0,0.0,33.3,6.0,0.2,1.2,33.3,2.0,0.0,
248.0,Mecole Hardman,25.0,KAN,WR,6.0,2.0,21.0,14.0,118.0,8.4,0.0,8.0,52.4,37.0,2.3,19.7,66.7,5.6,1.0,
249.0,Jamal Agnew,28.0,JAX,WR,11.0,1.0,21.0,14.0,225.0,16.1,1.0,8.0,57.1,65.0,1.3,20.5,66.7,10.7,1.0,
250.0,David Bell,23.0,CLE,WR,15.0,3.0,23.0,14.0,167.0,11.9,3.0,9.0,47.8,41.0,0.9,11.1,60.9,7.3,0.0,
251.0,Chase Brown,23.0,CIN,RB,12.0,0.0,15.0,14.0,156.0,11.1,1.0,4.0,53.3,54.0,1.2,13.0,93.3,10.4,1.0,
252.0,Chase Edmonds,27.0,TAM,RB,13.0,0.0,17.0,14.0,81.0,5.8,0.0,5.0,58.8,14.0,1.1,6.2,82.4,4.8,0.0,
253.0,Elijah Higgins,23.0,ARI,TE,11.0,2.0,19.0,14.0,163.0,11.6,1.0,9.0,52.6,26.0,1.3,14.8,73.7,8.6,0.0,
254.0,KhaDarel Hodge,28.0,ATL,WR,17.0,4.0,23.0,14.0,232.0,16.6,0.0,13.0,60.9,52.0,0.8,13.6,60.9,10.1,1.0,
255.0,Kyle Juszczyk,32.0,SFO,FB,17.0,16.0,17.0,14.0,119.0,8.5,2.0,8.0,82.4,22.0,0.8,7.0,82.4,7.0,0.0,"PB,AP-1"
256.0,Byron Pringle,30.0,WAS,WR,17.0,1.0,22.0,14.0,161.0,11.5,0.0,7.0,40.9,26.0,0.8,9.5,63.6,7.3,1.0,
257.0,Jeff Wilson,28.0,MIA,RB,10.0,0.0,17.0,14.0,85.0,6.1,0.0,3.0,29.4,12.0,1.4,8.5,82.4,5.0,0.0,
258.0,Mo Alie-Cox,30.0,IND,TE,17.0,7.0,22.0,13.0,161.0,12.4,3.0,9.0,45.5,35.0,0.8,9.5,59.1,7.3,0.0,
259.0,Pharaoh Brown,29.0,NWE,TE,17.0,11.0,15.0,13.0,208.0,16.0,1.0,8.0,66.7,58.0,0.8,12.2,86.7,13.9,1.0,
260.0,Harrison Bryant,25.0,CLE,TE,17.0,9.0,20.0,13.0,81.0,6.2,3.0,4.0,50.0,23.0,0.8,4.8,65.0,4.1,1.0,
261.0,Luke Farrell,26.0,JAX,TE,17.0,8.0,15.0,13.0,155.0,11.9,0.0,5.0,73.3,42.0,0.8,9.1,86.7,10.3,0.0,
262.0,Lil'Jordan Humphrey,25.0,DEN,WR,17.0,8.0,19.0,13.0,162.0,12.5,3.0,9.0,63.2,54.0,0.8,9.5,68.4,8.5,0.0,
263.0,Alec Ingold,27.0,MIA,FB,17.0,13.0,16.0,13.0,119.0,9.2,0.0,5.0,62.5,23.0,0.8,7.0,81.3,7.4,0.0,PB
264.0,Dameon Pierce,23.0,HOU,RB,14.0,7.0,17.0,13.0,101.0,7.8,0.0,3.0,52.9,27.0,0.9,7.2,76.5,5.9,0.0,
265.0,Tyquan Thornton,23.0,NWE,WR,9.0,3.0,23.0,13.0,91.0,7.0,0.0,3.0,17.4,15.0,1.4,10.1,56.5,4.0,0.0,
266.0,Brock Wright,25.0,DET,TE,14.0,4.0,14.0,13.0,91.0,7.0,1.0,2.0,64.3,25.0,0.9,6.5,92.9,6.5,0.0,
267.0,Donovan Peoples-Jones,24.0,2TM,WR,15.0,6.0,25.0,13.0,155.0,11.9,0.0,7.0,40.0,29.0,0.9,10.3,52.0,6.2,1.0,
267.0,Donovan Peoples-Jones,24.0,CLE,WR,7.0,5.0,18.0,8.0,97.0,12.1,0.0,4.0,38.9,29.0,1.1,13.9,44.4,5.4,1.0,
267.0,Donovan Peoples-Jones,24.0,DET,WR,8.0,1.0,7.0,5.0,58.0,11.6,0.0,3.0,42.9,20.0,0.6,7.3,71.4,8.3,0.0,
268.0,Dyami Brown,24.0,WAS,WR,17.0,1.0,23.0,12.0,168.0,14.0,1.0,8.0,47.8,35.0,0.7,9.9,52.2,7.3,0.0,
269.0,Gus Edwards,28.0,BAL,RB,17.0,9.0,13.0,12.0,180.0,15.0,0.0,5.0,69.2,80.0,0.7,10.6,92.3,13.8,3.0,
270.0,Ray-Ray McCloud,27.0,SFO,WR,12.0,1.0,15.0,12.0,135.0,11.3,0.0,7.0,66.7,41.0,1.0,11.3,80.0,9.0,1.0,
271.0,A.T. Perry,24.0,NOR,WR,10.0,3.0,18.0,12.0,246.0,20.5,4.0,10.0,61.1,44.0,1.2,24.6,66.7,13.7,0.0,
272.0,Stephen Sullivan,27.0,CAR,TE,11.0,0.0,24.0,12.0,125.0,10.4,0.0,5.0,37.5,20.0,1.1,11.4,50.0,5.2,0.0,
273.0,KaVontae Turpin,27.0,DAL,WR,16.0,0.0,18.0,12.0,127.0,10.6,3.0,9.0,61.1,34.0,0.8,7.9,66.7,7.1,1.0,
274.0,Cam Akers,24.0,2TM,RB,7.0,1.0,12.0,11.0,70.0,6.4,0.0,2.0,50.0,30.0,1.6,10.0,91.7,5.8,0.0,
274.0,Cam Akers,24.0,LAR,RB,1.0,1.0,0.0,0.0,0.0,,0.0,0.0,,,0.0,0.0,,,0.0,
274.0,Cam Akers,24.0,MIN,RB,6.0,0.0,12.0,11.0,70.0,6.4,0.0,2.0,50.0,30.0,1.8,11.7,91.7,5.8,0.0,
275.0,Andrew Beck,27.0,HOU,FB,15.0,12.0,13.0,11.0,55.0,5.0,2.0,4.0,53.8,26.0,0.7,3.7,84.6,4.2,1.0,
276.0,Lynn Bowden Jr.,26.0,NOR,WR,15.0,3.0,16.0,11.0,83.0,7.5,0.0,2.0,37.5,17.0,0.7,5.5,68.8,5.2,1.0,
277.0,D'Onta Foreman,27.0,CHI,RB,9.0,8.0,16.0,11.0,77.0,7.0,1.0,6.0,43.8,17.0,1.2,8.6,68.8,4.8,1.0,
278.0,Julio Jones,34.0,PHI,WR,11.0,4.0,19.0,11.0,74.0,6.7,3.0,4.0,31.6,22.0,1.0,6.7,57.9,3.9,0.0,
279.0,Tim Jones,25.0,JAX,WR,17.0,2.0,18.0,11.0,83.0,7.5,0.0,4.0,38.9,15.0,0.6,4.9,61.1,4.6,0.0,
280.0,Isaiah McKenzie,28.0,IND,WR,13.0,2.0,14.0,11.0,82.0,7.5,0.0,4.0,35.7,30.0,0.8,6.3,78.6,5.9,3.0,
281.0,Scott Miller,26.0,ATL,WR,17.0,0.0,16.0,11.0,161.0,14.6,2.0,6.0,50.0,56.0,0.6,9.5,68.8,10.1,0.0,
282.0,Trent Sherfield,27.0,BUF,WR,17.0,1.0,22.0,11.0,86.0,7.8,1.0,4.0,40.9,12.0,0.6,5.1,50.0,3.9,0.0,
283.0,Stone Smartt,25.0,LAC,TE,16.0,3.0,21.0,11.0,155.0,14.1,1.0,6.0,42.9,51.0,0.7,9.7,52.4,7.4,0.0,
284.0,Patrick Taylor,25.0,GNB,RB,11.0,0.0,17.0,11.0,49.0,4.5,0.0,4.0,29.4,16.0,1.0,4.5,64.7,2.9,0.0,
285.0,Robert Tonyan,29.0,CHI,TE,17.0,6.0,17.0,11.0,112.0,10.2,0.0,6.0,47.1,24.0,0.6,6.6,64.7,6.6,0.0,
286.0,Cole Turner,23.0,WAS,TE,12.0,1.0,15.0,11.0,120.0,10.9,0.0,4.0,60.0,29.0,0.9,10.0,73.3,8.0,0.0,
287.0,Davis Allen,22.0,LAR,TE,15.0,1.0,11.0,10.0,95.0,9.5,1.0,7.0,81.8,21.0,0.7,6.3,90.9,8.6,0.0,
288.0,Jalen Guyton,26.0,LAC,WR,8.0,3.0,21.0,10.0,89.0,8.9,1.0,6.0,38.1,18.0,1.3,11.1,47.6,4.2,0.0,
289.0,Darrell Henderson,26.0,LAR,RB,4.0,4.0,14.0,10.0,103.0,10.3,0.0,3.0,28.6,32.0,2.5,25.8,71.4,7.4,0.0,
290.0,Richie James,28.0,KAN,WR,9.0,1.0,14.0,10.0,114.0,11.4,0.0,5.0,57.1,45.0,1.1,12.7,71.4,8.1,2.0,
291.0,D'Ernest Johnson,27.0,JAX,RB,17.0,0.0,12.0,10.0,140.0,14.0,0.0,6.0,50.0,42.0,0.6,8.2,83.3,11.7,0.0,
292.0,Kendre Miller,21.0,NOR,RB,8.0,0.0,11.0,10.0,117.0,11.7,0.0,5.0,54.5,33.0,1.3,14.6,90.9,10.6,0.0,
293.0,Laviska Shenault Jr.,25.0,CAR,WR,8.0,0.0,10.0,10.0,60.0,6.0,0.0,2.0,30.0,14.0,1.3,7.5,100.0,6.0,1.0,
294.0,Sterling Shepard,30.0,NYG,WR,15.0,2.0,22.0,10.0,57.0,5.7,1.0,4.0,22.7,13.0,0.7,3.8,45.5,2.6,1.0,
295.0,Geoff Swaim,30.0,ARI,TE,14.0,8.0,11.0,10.0,94.0,9.4,0.0,4.0,72.7,26.0,0.7,6.7,90.9,8.5,0.0,
296.0,Olamide Zaccheaus,26.0,PHI,WR,17.0,1.0,20.0,10.0,164.0,16.4,2.0,7.0,50.0,34.0,0.6,9.6,50.0,8.2,0.0,
297.0,River Cracraft,29.0,MIA,WR,10.0,1.0,12.0,9.0,121.0,13.4,1.0,8.0,66.7,24.0,0.9,12.1,75.0,10.1,0.0,
298.0,Keaton Mitchell,21.0,BAL,RB,8.0,2.0,11.0,9.0,93.0,10.3,0.0,5.0,63.6,32.0,1.1,11.6,81.8,8.5,0.0,
299.0,Andrew Ogletree,25.0,IND,TE,12.0,9.0,21.0,9.0,147.0,16.3,2.0,8.0,38.1,33.0,0.8,12.3,42.9,7.0,0.0,
300.0,Cordarrelle Patterson,32.0,ATL,RB,14.0,0.0,12.0,9.0,38.0,4.2,1.0,2.0,33.3,11.0,0.6,2.7,75.0,3.2,1.0,
301.0,MyCole Pruitt,31.0,ATL,TE,17.0,8.0,12.0,9.0,110.0,12.2,1.0,6.0,66.7,22.0,0.5,6.5,75.0,9.2,1.0,
302.0,Josh Whyle,24.0,TEN,TE,11.0,3.0,15.0,9.0,94.0,10.4,1.0,8.0,60.0,24.0,0.8,8.5,60.0,6.3,0.0,
303.0,Mitchell Wilcox,27.0,CIN,TE,17.0,4.0,12.0,9.0,56.0,6.2,0.0,2.0,50.0,12.0,0.5,3.3,75.0,4.7,0.0,
304.0,Josiah Deguara,26.0,GNB,TE,15.0,4.0,8.0,8.0,65.0,8.1,0.0,3.0,75.0,19.0,0.5,4.3,100.0,8.1,0.0,
305.0,Xavier Hutchinson,23.0,HOU,WR,16.0,0.0,19.0,8.0,90.0,11.3,0.0,3.0,21.1,34.0,0.5,5.6,42.1,4.7,0.0,
306.0,Joshua Kelley,26.0,LAC,RB,17.0,3.0,12.0,8.0,32.0,4.0,0.0,0.0,33.3,6.0,0.5,1.9,66.7,2.7,1.0,
307.0,Lucas Krull,25.0,DEN,TE,7.0,2.0,14.0,8.0,95.0,11.9,1.0,5.0,42.9,35.0,1.1,13.6,57.1,6.8,0.0,
308.0,Luke Schoonmaker,25.0,DAL,TE,17.0,0.0,15.0,8.0,65.0,8.1,2.0,5.0,40.0,18.0,0.5,3.8,53.3,4.3,0.0,
309.0,Ben Skowronek,26.0,LAR,WR,17.0,0.0,12.0,8.0,66.0,8.3,1.0,3.0,41.7,20.0,0.5,3.9,66.7,5.5,0.0,
310.0,Ihmir Smith-Marsette,24.0,CAR,WR,17.0,0.0,10.0,8.0,51.0,6.4,0.0,5.0,50.0,18.0,0.5,3.0,80.0,5.1,2.0,
311.0,Samori Toure,25.0,GNB,WR,11.0,0.0,18.0,8.0,78.0,9.8,0.0,4.0,27.8,35.0,0.7,7.1,44.4,4.3,1.0,
312.0,C.J. Uzomah,30.0,NYJ,TE,12.0,8.0,12.0,8.0,58.0,7.3,1.0,5.0,58.3,19.0,0.7,4.8,66.7,4.8,0.0,
313.0,Chase Claypool,25.0,2TM,WR,12.0,2.0,21.0,8.0,77.0,9.6,1.0,4.0,23.8,20.0,0.7,6.4,38.1,3.7,0.0,
313.0,Chase Claypool,25.0,CHI,WR,3.0,2.0,14.0,4.0,51.0,12.8,1.0,3.0,21.4,20.0,1.3,17.0,28.6,3.6,0.0,
313.0,Chase Claypool,25.0,MIA,WR,9.0,0.0,7.0,4.0,26.0,6.5,0.0,1.0,28.6,15.0,0.4,2.9,57.1,3.7,0.0,
314.0,Israel Abanikanda,21.0,NYJ,RB,6.0,0.0,11.0,7.0,43.0,6.1,0.0,2.0,36.4,13.0,1.2,7.2,63.6,3.9,1.0,
315.0,Mike Boone,28.0,HOU,S,9.0,0.0,9.0,7.0,40.0,5.7,0.0,2.0,44.4,12.0,0.8,4.4,77.8,4.4,1.0,
316.0,Darrynton Evans,25.0,2TM,RB,7.0,0.0,12.0,7.0,49.0,7.0,0.0,2.0,33.3,17.0,1.0,7.0,58.3,4.1,0.0,
316.0,Darrynton Evans,25.0,CHI,RB,5.0,0.0,12.0,7.0,49.0,7.0,0.0,2.0,33.3,17.0,1.4,9.8,58.3,4.1,0.0,
316.0,Darrynton Evans,25.0,MIA,RB,2.0,0.0,0.0,0.0,0.0,,0.0,0.0,,,0.0,0.0,,,0.0,
317.0,C.J. Ham,30.0,MIN,FB,17.0,5.0,9.0,7.0,25.0,3.6,0.0,1.0,33.3,7.0,0.4,1.5,77.8,2.8,0.0,PB
318.0,Ty Johnson,26.0,BUF,RB,10.0,0.0,7.0,7.0,62.0,8.9,1.0,2.0,71.4,28.0,0.7,6.2,100.0,8.9,1.0,
319.0,Charlie Jones,25.0,CIN,WR,11.0,0.0,9.0,7.0,64.0,9.1,0.0,3.0,44.4,35.0,0.6,5.8,77.8,7.1,0.0,
320.0,Charlie Kolar,24.0,BAL,TE,15.0,3.0,9.0,7.0,87.0,12.4,1.0,5.0,77.8,19.0,0.5,5.8,77.8,9.7,0.0,
321.0,Jalen Reagor,24.0,NWE,WR,11.0,1.0,23.0,7.0,138.0,19.7,0.0,5.0,21.7,39.0,0.6,12.5,30.4,6.0,0.0,
322.0,Deuce Vaughn,22.0,DAL,RB,7.0,0.0,7.0,7.0,40.0,5.7,0.0,1.0,42.9,11.0,1.0,5.7,100.0,5.7,0.0,
323.0,Darnell Washington,22.0,PIT,TE,17.0,7.0,10.0,7.0,61.0,8.7,0.0,4.0,60.0,12.0,0.4,3.6,70.0,6.1,0.0,
324.0,Trayveon Williams,26.0,CIN,RB,17.0,0.0,9.0,7.0,10.0,1.4,0.0,0.0,11.1,5.0,0.4,0.6,77.8,1.1,0.0,
325.0,Tony Jones,26.0,2TM,RB,7.0,1.0,10.0,7.0,37.0,5.3,0.0,1.0,20.0,11.0,1.0,5.3,70.0,3.7,0.0,
325.0,Tony Jones,26.0,NOR,RB,4.0,1.0,6.0,4.0,21.0,5.3,0.0,1.0,33.3,10.0,1.0,5.3,66.7,3.5,0.0,
325.0,Tony Jones,26.0,ARI,RB,3.0,0.0,4.0,3.0,16.0,5.3,0.0,0.0,0.0,11.0,1.0,5.3,75.0,4.0,0.0,
326.0,Ronnie Bell,23.0,SFO,WR,17.0,0.0,13.0,6.0,68.0,11.3,3.0,5.0,46.2,20.0,0.4,4.0,46.2,5.2,1.0,
327.0,Raheem Blackshear,24.0,CAR,RB,12.0,0.0,7.0,6.0,45.0,7.5,0.0,1.0,71.4,19.0,0.5,3.8,85.7,6.4,0.0,
328.0,Jalen Brooks,23.0,DAL,WR,7.0,0.0,6.0,6.0,64.0,10.7,0.0,4.0,83.3,24.0,0.9,9.1,100.0,10.7,0.0,
329.0,DeeJay Dallas,25.0,SEA,RB,17.0,0.0,9.0,6.0,26.0,4.3,0.0,1.0,11.1,14.0,0.4,1.5,66.7,2.9,2.0,
330.0,Keelan Doss,27.0,LAC,WR,5.0,0.0,13.0,6.0,33.0,5.5,0.0,1.0,23.1,9.0,1.2,6.6,46.2,2.5,0.0,
331.0,Tyler Goodson,23.0,IND,RB,6.0,1.0,9.0,6.0,34.0,5.7,0.0,1.0,55.6,15.0,1.0,5.7,66.7,3.8,0.0,
332.0,Jimmy Graham,37.0,NOR,TE,13.0,2.0,7.0,6.0,39.0,6.5,4.0,6.0,85.7,12.0,0.5,3.0,85.7,5.6,0.0,
333.0,Eric Gray,24.0,NYG,RB,13.0,0.0,7.0,6.0,22.0,3.7,0.0,0.0,0.0,9.0,0.5,1.7,85.7,3.1,3.0,
334.0,Julian Hill,23.0,MIA,TE,15.0,4.0,9.0,6.0,48.0,8.0,0.0,2.0,55.6,18.0,0.4,3.2,66.7,5.3,1.0,
335.0,Elijah Mitchell,25.0,SFO,RB,11.0,1.0,8.0,6.0,14.0,2.3,0.0,2.0,37.5,9.0,0.5,1.3,75.0,1.8,0.0,
336.0,Justyn Ross,24.0,KAN,WR,10.0,1.0,11.0,6.0,53.0,8.8,0.0,2.0,45.5,20.0,0.6,5.3,54.5,4.8,0.0,
337.0,Isaiah Spiller,22.0,LAC,RB,9.0,0.0,6.0,6.0,34.0,5.7,0.0,1.0,66.7,10.0,0.7,3.8,100.0,5.7,0.0,
338.0,Blake Bell,32.0,KAN,TE,17.0,3.0,9.0,5.0,26.0,5.2,1.0,1.0,44.4,8.0,0.3,1.5,55.6,2.9,1.0,
339.0,Gary Brightwell,24.0,NYG,RB,7.0,0.0,7.0,5.0,47.0,9.4,0.0,2.0,42.9,18.0,0.7,6.7,71.4,6.7,0.0,
340.0,Jason Brownlee,24.0,NYJ,WR,7.0,5.0,8.0,5.0,56.0,11.2,1.0,2.0,50.0,24.0,0.7,8.0,62.5,7.0,0.0,
341.0,Randall Cobb,33.0,NYJ,WR,11.0,1.0,17.0,5.0,39.0,7.8,1.0,3.0,17.6,15.0,0.5,3.5,29.4,2.3,0.0,
342.0,Payne Durham,23.0,TAM,TE,13.0,2.0,7.0,5.0,58.0,11.6,0.0,3.0,71.4,25.0,0.4,4.5,71.4,8.3,0.0,
343.0,Brycen Hopkins,26.0,LAR,TE,15.0,0.0,7.0,5.0,78.0,15.6,0.0,3.0,57.1,29.0,0.3,5.2,71.4,11.1,0.0,
344.0,Deon Jackson,24.0,2TM,RB,3.0,1.0,6.0,5.0,14.0,2.8,0.0,0.0,33.3,8.0,1.7,4.7,83.3,2.3,2.0,
344.0,Deon Jackson,24.0,IND,RB,2.0,1.0,6.0,5.0,14.0,2.8,0.0,0.0,33.3,8.0,2.5,7.0,83.3,2.3,2.0,
344.0,Deon Jackson,24.0,NYG,RB,1.0,0.0,0.0,0.0,0.0,,0.0,0.0,,,0.0,0.0,,,0.0,
345.0,Marvin Jones,33.0,DET,WR,6.0,4.0,10.0,5.0,35.0,7.0,0.0,2.0,30.0,16.0,0.8,5.8,50.0,3.5,1.0,
346.0,Keith Kirkwood,29.0,NOR,WR,13.0,4.0,9.0,5.0,37.0,7.4,1.0,3.0,44.4,13.0,0.4,2.8,55.6,4.1,0.0,
347.0,Ty Montgomery,30.0,NWE,RB,13.0,0.0,12.0,5.0,40.0,8.0,0.0,3.0,33.3,17.0,0.4,3.1,41.7,3.3,0.0,
348.0,David Moore,28.0,TAM,WR,7.0,0.0,7.0,5.0,94.0,18.8,1.0,3.0,71.4,52.0,0.7,13.4,71.4,13.4,0.0,
349.0,Craig Reynolds,27.0,DET,RB,17.0,0.0,5.0,5.0,47.0,9.4,0.0,2.0,60.0,28.0,0.3,2.8,100.0,9.4,2.0,
350.0,Patrick Ricard,29.0,BAL,FB,17.0,9.0,7.0,5.0,52.0,10.4,1.0,3.0,42.9,28.0,0.3,3.1,71.4,7.4,0.0,AP-2
351.0,Ronnie Rivers,24.0,LAR,RB,9.0,1.0,5.0,5.0,22.0,4.4,0.0,0.0,40.0,10.0,0.6,2.4,100.0,4.4,0.0,
352.0,Equanimeous St. Brown,27.0,CHI,WR,7.0,2.0,6.0,5.0,62.0,12.4,0.0,3.0,83.3,21.0,0.7,8.9,83.3,10.3,0.0,
353.0,Jack Stoll,25.0,PHI,TE,17.0,10.0,8.0,5.0,38.0,7.6,0.0,2.0,50.0,14.0,0.3,2.2,62.5,4.8,0.0,
354.0,Brenton Strange,23.0,JAX,TE,14.0,4.0,9.0,5.0,35.0,7.0,1.0,2.0,22.2,17.0,0.4,2.5,55.6,3.9,0.0,
355.0,Pierre Strong,25.0,CLE,RB,17.0,1.0,8.0,5.0,47.0,9.4,0.0,1.0,25.0,41.0,0.3,2.8,62.5,5.9,1.0,
356.0,Ian Thomas,27.0,CAR,TE,12.0,5.0,9.0,5.0,56.0,11.2,0.0,1.0,33.3,28.0,0.4,4.7,55.6,6.2,0.0,
357.0,Nate Adkins,24.0,DEN,TE,10.0,1.0,5.0,4.0,22.0,5.5,0.0,1.0,20.0,11.0,0.4,2.2,80.0,4.4,0.0,
358.0,Lawrence Cager,26.0,NYG,TE,11.0,0.0,5.0,4.0,36.0,9.0,1.0,2.0,60.0,10.0,0.4,3.3,80.0,7.2,0.0,
359.0,Grant Calcaterra,25.0,PHI,TE,15.0,1.0,4.0,4.0,39.0,9.8,0.0,3.0,100.0,12.0,0.3,2.6,100.0,9.8,0.0,
360.0,DeAndre Carter,30.0,LVR,WR,17.0,1.0,7.0,4.0,39.0,9.8,0.0,0.0,28.6,16.0,0.2,2.3,57.1,5.6,2.0,
361.0,Robbie Chosen,30.0,MIA,WR,9.0,0.0,6.0,4.0,126.0,31.5,1.0,3.0,66.7,68.0,0.4,14.0,66.7,21.0,0.0,
362.0,Nick Chubb,28.0,CLE,RB,2.0,2.0,4.0,4.0,21.0,5.3,0.0,1.0,50.0,10.0,2.0,10.5,100.0,5.3,0.0,
363.0,Britain Covey,26.0,PHI,WR,16.0,0.0,6.0,4.0,42.0,10.5,0.0,2.0,66.7,22.0,0.3,2.6,66.7,7.0,2.0,
364.0,Devin Duvernay,26.0,BAL,WR,13.0,1.0,9.0,4.0,18.0,4.5,0.0,0.0,11.1,10.0,0.3,1.4,44.4,2.0,0.0,
365.0,Marquise Goodwin,33.0,CLE,WR,12.0,0.0,13.0,4.0,67.0,16.8,0.0,1.0,7.7,57.0,0.3,5.6,30.8,5.2,0.0,
366.0,Peyton Hendershot,24.0,DAL,TE,8.0,1.0,7.0,4.0,38.0,9.5,0.0,1.0,42.9,24.0,0.5,4.8,57.1,5.4,0.0,
367.0,Keaontay Ingram,24.0,ARI,RB,8.0,1.0,4.0,4.0,26.0,6.5,0.0,1.0,50.0,9.0,0.5,3.3,100.0,6.5,0.0,
368.0,Rakim Jarrett,22.0,TAM,WR,10.0,0.0,9.0,4.0,60.0,15.0,0.0,1.0,33.3,41.0,0.4,6.0,44.4,6.7,0.0,
369.0,Velus Jones Jr.,26.0,CHI,WR,14.0,0.0,7.0,4.0,20.0,5.0,0.0,1.0,42.9,11.0,0.3,1.4,57.1,2.9,0.0,
370.0,Marcedes Lewis,39.0,CHI,TE,17.0,4.0,5.0,4.0,29.0,7.3,1.0,2.0,80.0,16.0,0.2,1.7,80.0,5.8,0.0,
371.0,Zach Pascal,29.0,ARI,WR,14.0,1.0,15.0,4.0,19.0,4.8,0.0,1.0,20.0,9.0,0.3,1.4,26.7,1.3,0.0,
372.0,Boston Scott,28.0,PHI,RB,15.0,0.0,6.0,4.0,52.0,13.0,0.0,2.0,33.3,27.0,0.3,3.5,66.7,8.7,1.0,
373.0,Ben Sims,23.0,GNB,TE,17.0,1.0,6.0,4.0,21.0,5.3,1.0,3.0,66.7,12.0,0.2,1.2,66.7,3.5,0.0,
374.0,Austin Trammell,25.0,LAR,WR,16.0,0.0,7.0,4.0,29.0,7.3,0.0,2.0,28.6,14.0,0.3,1.8,57.1,4.1,3.0,
375.0,Emanuel Wilson,24.0,GNB,RB,7.0,0.0,5.0,4.0,23.0,5.8,0.0,1.0,80.0,9.0,0.6,3.3,80.0,4.6,1.0,
376.0,Alex Armah,29.0,WAS,RB,8.0,0.0,3.0,3.0,13.0,4.3,0.0,1.0,33.3,10.0,0.4,1.6,100.0,4.3,0.0,
377.0,Nick Bawden,27.0,NYJ,FB,16.0,2.0,3.0,3.0,21.0,7.0,0.0,1.0,66.7,8.0,0.2,1.3,100.0,7.0,0.0,
378.0,Khari Blasingame,27.0,CHI,FB,16.0,2.0,6.0,3.0,2.0,0.7,0.0,0.0,16.7,4.0,0.2,0.1,50.0,0.3,0.0,
379.0,Miles Boykin,27.0,PIT,WR,17.0,0.0,4.0,3.0,17.0,5.7,0.0,0.0,50.0,6.0,0.2,1.0,75.0,4.3,0.0,
380.0,Michael Burton,31.0,DEN,FB,17.0,3.0,3.0,3.0,8.0,2.7,0.0,2.0,66.7,4.0,0.2,0.5,100.0,2.7,0.0,
381.0,Chris Conley,31.0,SFO,WR,8.0,0.0,6.0,3.0,69.0,23.0,0.0,2.0,33.3,48.0,0.4,8.6,50.0,11.5,0.0,
382.0,Elijah Cooks,25.0,JAX,WR,9.0,0.0,4.0,3.0,38.0,12.7,0.0,2.0,50.0,23.0,0.3,4.2,75.0,9.5,0.0,
383.0,Jashaun Corbin,23.0,NYG,RB,6.0,0.0,3.0,3.0,12.0,4.0,0.0,1.0,33.3,7.0,0.5,2.0,100.0,4.0,0.0,
384.0,Greg Dulcich,23.0,DEN,TE,2.0,1.0,4.0,3.0,25.0,8.3,0.0,2.0,50.0,13.0,1.5,12.5,75.0,6.3,0.0,
385.0,Melvin Gordon,30.0,BAL,RB,4.0,0.0,3.0,3.0,46.0,15.3,0.0,3.0,100.0,23.0,0.8,11.5,100.0,15.3,1.0,
386.0,Kevin Harris,23.0,NWE,RB,4.0,0.0,3.0,3.0,58.0,19.3,0.0,2.0,66.7,48.0,0.8,14.5,100.0,19.3,0.0,
387.0,Hunter Luepke,23.0,DAL,RB,17.0,0.0,4.0,3.0,18.0,6.0,0.0,1.0,50.0,12.0,0.2,1.1,75.0,4.5,0.0,
388.0,Jordan Mason,24.0,SFO,RB,17.0,0.0,4.0,3.0,31.0,10.3,0.0,1.0,50.0,13.0,0.2,1.8,75.0,7.8,0.0,
389.0,D.J. Montgomery,27.0,IND,WR,7.0,0.0,8.0,3.0,56.0,18.7,1.0,3.0,37.5,34.0,0.4,8.0,37.5,7.0,0.0,
390.0,Jalen Nailor,24.0,MIN,WR,6.0,1.0,6.0,3.0,29.0,9.7,0.0,1.0,33.3,16.0,0.5,4.8,50.0,4.8,0.0,
391.0,La'Mical Perine,25.0,KAN,RB,3.0,1.0,5.0,3.0,33.0,11.0,0.0,1.0,20.0,25.0,1.0,11.0,60.0,6.6,0.0,
392.0,Eric Saubert,29.0,HOU,TE,9.0,1.0,3.0,3.0,12.0,4.0,0.0,1.0,100.0,5.0,0.3,1.3,100.0,4.0,0.0,
393.0,Trey Sermon,24.0,IND,RB,14.0,0.0,6.0,3.0,13.0,4.3,0.0,0.0,33.3,7.0,0.2,0.9,50.0,2.2,0.0,
394.0,Steven Sims,26.0,HOU,WR,3.0,0.0,3.0,3.0,25.0,8.3,0.0,1.0,33.3,23.0,1.0,8.3,100.0,8.3,0.0,
395.0,Keith Smith,31.0,ATL,FB,13.0,6.0,3.0,3.0,33.0,11.0,0.0,1.0,66.7,28.0,0.2,2.5,100.0,11.0,0.0,
396.0,Charlie Woerner,26.0,SFO,TE,17.0,2.0,3.0,3.0,32.0,10.7,0.0,1.0,66.7,20.0,0.2,1.9,100.0,10.7,0.0,
397.0,Kayshon Boutte,21.0,NWE,WR,5.0,0.0,7.0,2.0,19.0,9.5,0.0,1.0,28.6,11.0,0.4,3.8,28.6,2.7,0.0,
398.0,J.K. Dobbins,25.0,BAL,RB,1.0,1.0,3.0,2.0,15.0,7.5,0.0,0.0,66.7,10.0,2.0,15.0,66.7,5.0,0.0,
399.0,Elijah Dotson,24.0,LAC,RB,4.0,0.0,2.0,2.0,13.0,6.5,0.0,0.0,100.0,7.0,0.5,3.3,100.0,6.5,0.0,
400.0,Kenyan Drake,29.0,2TM,RB,3.0,0.0,3.0,2.0,31.0,15.5,0.0,0.0,66.7,24.0,0.7,10.3,66.7,10.3,1.0,
400.0,Kenyan Drake,29.0,BAL,RB,2.0,0.0,3.0,2.0,31.0,15.5,0.0,0.0,66.7,24.0,1.0,15.5,66.7,10.3,1.0,
400.0,Kenyan Drake,29.0,GNB,RB,1.0,0.0,0.0,0.0,0.0,,0.0,0.0,,,0.0,0.0,,,0.0,
401.0,Damien Harris,26.0,BUF,RB,6.0,0.0,2.0,2.0,16.0,8.0,0.0,0.0,0.0,13.0,0.3,2.7,100.0,8.0,0.0,
402.0,Trishton Jackson,25.0,MIN,WR,7.0,0.0,4.0,2.0,9.0,4.5,0.0,0.0,0.0,7.0,0.3,1.3,50.0,2.3,0.0,
403.0,Tyler Johnson,25.0,LAR,WR,1.0,0.0,3.0,2.0,8.0,4.0,1.0,1.0,33.3,8.0,2.0,8.0,66.7,2.7,0.0,
404.0,Chris Manhertz,31.0,DEN,TE,16.0,4.0,4.0,2.0,16.0,8.0,0.0,1.0,50.0,10.0,0.1,1.0,50.0,4.0,0.0,
405.0,Anthony McFarland Jr.,25.0,PIT,RB,3.0,0.0,2.0,2.0,11.0,5.5,0.0,1.0,100.0,6.0,0.7,3.7,100.0,5.5,0.0,
406.0,James Mitchell,24.0,DET,TE,15.0,1.0,2.0,2.0,28.0,14.0,0.0,1.0,100.0,24.0,0.1,1.9,100.0,14.0,0.0,
407.0,Quintin Morris,24.0,BUF,TE,15.0,0.0,3.0,2.0,26.0,13.0,1.0,1.0,33.3,15.0,0.1,1.7,66.7,8.7,0.0,
408.0,Dare Ogunbowale,29.0,HOU,RB,12.0,0.0,7.0,2.0,18.0,9.0,0.0,0.0,0.0,14.0,0.2,1.5,28.6,2.6,0.0,
409.0,Adam Prentice,26.0,NOR,FB,13.0,1.0,3.0,2.0,12.0,6.0,0.0,0.0,33.3,7.0,0.2,0.9,66.7,4.0,1.0,
410.0,Teagan Quitoriano,23.0,HOU,TE,7.0,5.0,3.0,2.0,33.0,16.5,0.0,2.0,66.7,22.0,0.3,4.7,66.7,11.0,0.0,
411.0,Chris Rodriguez,23.0,WAS,RB,13.0,0.0,2.0,2.0,12.0,6.0,0.0,1.0,100.0,7.0,0.2,0.9,100.0,6.0,1.0,
412.0,Willie Snead,31.0,SFO,WR,4.0,0.0,3.0,2.0,14.0,7.0,0.0,0.0,66.7,9.0,0.5,3.5,66.7,4.7,0.0,
413.0,Malik Taylor,28.0,NYJ,WR,3.0,0.0,4.0,2.0,13.0,6.5,0.0,0.0,25.0,7.0,0.7,4.3,50.0,3.3,0.0,
414.0,Sean Tucker,22.0,TAM,RB,11.0,0.0,2.0,2.0,9.0,4.5,0.0,0.0,50.0,6.0,0.2,0.8,100.0,4.5,0.0,
415.0,Ke'Shawn Vaughn,26.0,TAM,RB,6.0,0.0,5.0,2.0,2.0,1.0,0.0,0.0,0.0,3.0,0.3,0.3,40.0,0.4,0.0,
416.0,David Wells,28.0,TAM,TE,5.0,0.0,2.0,2.0,-10.0,-5.0,0.0,1.0,50.0,1.0,0.4,-2.0,100.0,-5.0,1.0,
417.0,Damien Williams,31.0,ARI,RB,3.0,0.0,2.0,2.0,12.0,6.0,0.0,0.0,50.0,8.0,0.7,4.0,100.0,6.0,0.0,
418.0,Kenny Yeboah,25.0,NYJ,TE,5.0,1.0,4.0,2.0,28.0,14.0,0.0,1.0,50.0,20.0,0.4,5.6,50.0,7.0,0.0,
419.0,Tank Bigsby,22.0,JAX,RB,17.0,0.0,4.0,1.0,6.0,6.0,0.0,0.0,25.0,6.0,0.1,0.4,25.0,1.5,2.0,
420.0,Ben Bredeson,25.0,NYG,G,16.0,16.0,1.0,1.0,0.0,0.0,0.0,0.0,0.0,,0.1,0.0,100.0,0.0,0.0,
421.0,Jake Browning,27.0,CIN,QB,9.0,7.0,1.0,1.0,-7.0,-7.0,0.0,0.0,0.0,-7.0,0.1,-0.8,100.0,-7.0,3.0,
422.0,Khalil Dorsey,25.0,DET,CB,13.0,2.0,1.0,1.0,31.0,31.0,0.0,1.0,100.0,31.0,0.1,2.4,100.0,31.0,0.0,
423.0,Colton Dowell,24.0,TEN,WR,10.0,1.0,2.0,1.0,3.0,3.0,0.0,0.0,0.0,3.0,0.1,0.3,50.0,1.5,0.0,
424.0,Ross Dwelley,28.0,SFO,TE,12.0,0.0,2.0,1.0,12.0,12.0,0.0,1.0,50.0,12.0,0.1,1.0,50.0,6.0,0.0,
425.0,Brandin Echols,26.0,NYJ,CB,14.0,1.0,1.0,1.0,18.0,18.0,0.0,1.0,100.0,18.0,0.1,1.3,100.0,18.0,0.0,
426.0,Chris Evans,26.0,CIN,RB,8.0,0.0,1.0,1.0,-1.0,-1.0,0.0,0.0,0.0,-1.0,0.1,-0.1,100.0,-1.0,0.0,
427.0,Simi Fehoko,26.0,LAC,WR,6.0,0.0,2.0,1.0,9.0,9.0,1.0,1.0,50.0,9.0,0.2,1.5,50.0,4.5,0.0,
428.0,Tucker Fisk,24.0,ATL,TE,6.0,2.0,1.0,1.0,9.0,9.0,0.0,1.0,100.0,9.0,0.2,1.5,100.0,9.0,0.0,
429.0,John FitzPatrick,23.0,ATL,TE,9.0,0.0,1.0,1.0,12.0,12.0,0.0,1.0,100.0,12.0,0.1,1.3,100.0,12.0,0.0,
430.0,Cole Fotheringham,26.0,LVR,TE,2.0,0.0,1.0,1.0,6.0,6.0,0.0,0.0,100.0,6.0,0.5,3.0,100.0,6.0,0.0,
431.0,Royce Freeman,27.0,LAR,RB,14.0,0.0,2.0,1.0,13.0,13.0,0.0,1.0,50.0,13.0,0.1,0.9,50.0,6.5,0.0,
432.0,Jake Funk,25.0,IND,RB,4.0,0.0,1.0,1.0,12.0,12.0,0.0,1.0,100.0,12.0,0.3,3.0,100.0,12.0,0.0,
433.0,Reggie Gilliam,26.0,BUF,FB,17.0,0.0,1.0,1.0,3.0,3.0,0.0,0.0,0.0,3.0,0.1,0.2,100.0,3.0,0.0,
434.0,Antoine Green,24.0,DET,WR,9.0,0.0,2.0,1.0,2.0,2.0,0.0,0.0,0.0,2.0,0.1,0.2,50.0,1.0,0.0,
435.0,Justin Herbert,25.0,LAC,QB,13.0,13.0,1.0,1.0,10.0,10.0,0.0,1.0,100.0,10.0,0.1,0.8,100.0,10.0,4.0,
436.0,Jesper Horsted,26.0,LVR,TE,13.0,0.0,1.0,1.0,4.0,4.0,0.0,0.0,100.0,4.0,0.1,0.3,100.0,4.0,0.0,
437.0,Sam Howell,23.0,WAS,QB,17.0,17.0,1.0,1.0,4.0,4.0,0.0,0.0,0.0,4.0,0.1,0.2,100.0,4.0,4.0,
438.0,Evan Hull,23.0,IND,RB,1.0,0.0,1.0,1.0,6.0,6.0,0.0,0.0,100.0,6.0,1.0,6.0,100.0,6.0,0.0,
439.0,Collin Johnson,26.0,CHI,WR,3.0,0.0,1.0,1.0,11.0,11.0,0.0,1.0,100.0,11.0,0.3,3.7,100.0,11.0,0.0,
440.0,Jakob Johnson,29.0,LVR,FB,13.0,5.0,2.0,1.0,12.0,12.0,0.0,0.0,50.0,12.0,0.1,0.9,50.0,6.0,0.0,
441.0,Ko Kieft,25.0,TAM,TE,16.0,6.0,5.0,1.0,2.0,2.0,1.0,1.0,20.0,2.0,0.1,0.1,20.0,0.4,0.0,
442.0,Mason Kinsey,25.0,TEN,WR,6.0,0.0,1.0,1.0,6.0,6.0,0.0,0.0,0.0,6.0,0.2,1.0,100.0,6.0,0.0,
443.0,Zonovan Knight,22.0,DET,RB,2.0,0.0,1.0,1.0,8.0,8.0,0.0,0.0,100.0,8.0,0.5,4.0,100.0,8.0,0.0,
444.0,Kwamie Lassiter II,25.0,CIN,WR,1.0,0.0,1.0,1.0,2.0,2.0,0.0,0.0,0.0,2.0,1.0,2.0,100.0,2.0,0.0,
445.0,Nick Muse,25.0,MIN,TE,2.0,0.0,1.0,1.0,22.0,22.0,0.0,1.0,100.0,22.0,0.5,11.0,100.0,22.0,0.0,
446.0,Gunner Olszewski,27.0,PIT,WR,2.0,0.0,1.0,1.0,0.0,0.0,0.0,0.0,0.0,,0.5,0.0,100.0,0.0,2.0,
447.0,Devine Ozigbo,27.0,DET,RB,3.0,0.0,1.0,1.0,8.0,8.0,0.0,0.0,100.0,8.0,0.3,2.7,100.0,8.0,0.0,
448.0,Rashaad Penny,27.0,PHI,RB,3.0,0.0,1.0,1.0,5.0,5.0,0.0,0.0,100.0,5.0,0.3,1.7,100.0,5.0,0.0,
449.0,Kevin Rader,28.0,TEN,TE,14.0,0.0,3.0,1.0,6.0,6.0,0.0,0.0,33.3,6.0,0.1,0.4,33.3,2.0,0.0,
450.0,Giovanni Ricci,27.0,CAR,TE,5.0,0.0,1.0,1.0,2.0,2.0,0.0,0.0,0.0,2.0,0.2,0.4,100.0,2.0,0.0,
451.0,Desmond Ridder,24.0,ATL,QB,15.0,13.0,1.0,1.0,-6.0,-6.0,0.0,0.0,0.0,-6.0,0.1,-0.4,100.0,-6.0,12.0,
452.0,James Robinson,25.0,GNB,RB,1.0,0.0,1.0,1.0,-2.0,-2.0,0.0,0.0,0.0,-2.0,1.0,-2.0,100.0,-2.0,0.0,
453.0,Malcolm Rodriguez,24.0,DET,LB,17.0,3.0,1.0,1.0,6.0,6.0,0.0,1.0,100.0,6.0,0.1,0.4,100.0,6.0,0.0,
454.0,Jeffery Simmons,26.0,TEN,DT,12.0,12.0,1.0,1.0,2.0,2.0,1.0,1.0,100.0,2.0,0.1,0.2,100.0,2.0,0.0,
455.0,Dan Skipper,29.0,DET,T,11.0,1.0,1.0,1.0,4.0,4.0,0.0,0.0,100.0,4.0,0.1,0.4,100.0,4.0,0.0,
456.0,Donovan Smith,30.0,KAN,T,12.0,12.0,1.0,1.0,0.0,0.0,0.0,0.0,0.0,,0.1,0.0,100.0,0.0,0.0,
457.0,Geno Smith,33.0,SEA,QB,15.0,15.0,1.0,1.0,-2.0,-2.0,0.0,0.0,0.0,-2.0,0.1,-0.1,100.0,-2.0,5.0,PB
458.0,Mike Strachan,26.0,CAR,WR,4.0,1.0,3.0,1.0,45.0,45.0,0.0,1.0,33.3,45.0,0.3,11.3,33.3,15.0,0.0,
459.0,C.J. Stroud,22.0,HOU,QB,15.0,15.0,1.0,1.0,0.0,0.0,0.0,0.0,0.0,,0.1,0.0,100.0,0.0,8.0,"PB,AP MVP-8,AP ORoY-1"
460.0,Cody Thompson,27.0,SEA,WR,7.0,0.0,1.0,1.0,10.0,10.0,0.0,0.0,0.0,10.0,0.1,1.4,100.0,10.0,0.0,
461.0,Laquon Treadwell,28.0,BAL,WR,5.0,1.0,3.0,1.0,16.0,16.0,0.0,1.0,33.3,16.0,0.2,3.2,33.3,5.3,0.0,
462.0,Nick Vannett,30.0,LAC,TE,8.0,5.0,1.0,1.0,3.0,3.0,0.0,1.0,100.0,3.0,0.1,0.4,100.0,3.0,0.0,
463.0,Tylan Wallace,24.0,BAL,WR,11.0,0.0,2.0,1.0,11.0,11.0,0.0,1.0,50.0,11.0,0.1,1.0,50.0,5.5,0.0,
464.0,Trevon Wesco,28.0,TEN,TE,15.0,10.0,3.0,1.0,21.0,21.0,0.0,1.0,33.3,21.0,0.1,1.4,33.3,7.0,0.0,
465.0,Josh Allen,27.0,BUF,QB,17.0,17.0,0.0,0.0,0.0,,0.0,0.0,,,0.0,0.0,,,7.0,"AP MVP-5,AP OPoY-6"
466.0,Kyle Allen,27.0,BUF,QB,7.0,0.0,0.0,0.0,0.0,,0.0,0.0,,,0.0,0.0,,,0.0,
467.0,Tyson Bagent,23.0,CHI,QB,5.0,4.0,0.0,0.0,0.0,,0.0,0.0,,,0.0,0.0,,,3.0,
468.0,Matt Barkley,33.0,JAX,QB,1.0,0.0,0.0,0.0,0.0,,0.0,0.0,,,0.0,0.0,,,0.0,
469.0,C.J. Beathard,30.0,JAX,QB,7.0,1.0,0.0,0.0,0.0,,0.0,0.0,,,0.0,0.0,,,1.0,
470.0,Brandon Bolden,33.0,LVR,RB,17.0,0.0,0.0,0.0,0.0,,0.0,0.0,,,0.0,0.0,,,0.0,
471.0,Tim Boyle,29.0,NYJ,QB,3.0,2.0,0.0,0.0,0.0,,0.0,0.0,,,0.0,0.0,,,2.0,
472.0,Teddy Bridgewater,31.0,DET,QB,1.0,0.0,0.0,0.0,0.0,,0.0,0.0,,,0.0,0.0,,,0.0,
473.0,Jacoby Brissett,31.0,WAS,QB,3.0,0.0,0.0,0.0,0.0,,0.0,0.0,,,0.0,0.0,,,0.0,
474.0,Chris Brooks,23.0,MIA,RB,9.0,0.0,0.0,0.0,0.0,,0.0,0.0,,,0.0,0.0,,,0.0,
475.0,Joe Burrow,27.0,CIN,QB,10.0,10.0,0.0,0.0,0.0,,0.0,0.0,,,0.0,0.0,,,2.0,
476.0,Damiere Byrd,30.0,ATL,WR,1.0,0.0,2.0,0.0,0.0,,0.0,0.0,0.0,,0.0,0.0,0.0,0.0,0.0,
477.0,Jason Cabinda,27.0,DET,FB,4.0,0.0,0.0,0.0,0.0,,0.0,0.0,,,0.0,0.0,,,0.0,
478.0,Derek Carr,32.0,NOR,QB,17.0,17.0,0.0,0.0,0.0,,0.0,0.0,,,0.0,0.0,,,7.0,
479.0,Irvin Charles,26.0,NYJ,WR,12.0,0.0,1.0,0.0,0.0,,0.0,0.0,0.0,,0.0,0.0,0.0,0.0,0.0,
480.0,Sean Clifford,25.0,GNB,QB,2.0,0.0,0.0,0.0,0.0,,0.0,0.0,,,0.0,0.0,,,1.0,
481.0,Kirk Cousins,35.0,MIN,QB,8.0,8.0,0.0,0.0,0.0,,0.0,0.0,,,0.0,0.0,,,7.0,
482.0,Andy Dalton,36.0,CAR,QB,3.0,1.0,0.0,0.0,0.0,,0.0,0.0,,,0.0,0.0,,,0.0,
483.0,Sam Darnold,26.0,SFO,QB,10.0,1.0,0.0,0.0,0.0,,0.0,0.0,,,0.0,0.0,,,3.0,
484.0,Ashtyn Davis,27.0,NYJ,S,17.0,5.0,0.0,0.0,0.0,,0.0,0.0,,,0.0,0.0,,,1.0,
485.0,Tyrion Davis-Price,23.0,SFO,RB,1.0,0.0,0.0,0.0,0.0,,0.0,0.0,,,0.0,0.0,,,0.0,
486.0,Tommy DeVito,25.0,NYG,QB,9.0,6.0,0.0,0.0,0.0,,0.0,0.0,,,0.0,0.0,,,2.0,
487.0,Joshua Dobbs,28.0,2TM,QB,13.0,12.0,0.0,0.0,0.0,,0.0,0.0,,,0.0,0.0,,,14.0,
487.0,Joshua Dobbs,28.0,ARI,QB,8.0,8.0,0.0,0.0,0.0,,0.0,0.0,,,0.0,0.0,,,8.0,
487.0,Joshua Dobbs,28.0,MIN,QB,5.0,4.0,0.0,0.0,0.0,,0.0,0.0,,,0.0,0.0,,,6.0,
488.0,Phillip Dorsett,30.0,DEN,WR,2.0,1.0,3.0,0.0,0.0,,0.0,0.0,0.0,,0.0,0.0,0.0,0.0,0.0,
489.0,Jeff Driskel,30.0,CLE,QB,1.0,1.0,0.0,0.0,0.0,,0.0,0.0,,,0.0,0.0,,,0.0,
490.0,D'Wayne Eskridge,26.0,SEA,WR,4.0,0.0,1.0,0.0,0.0,,0.0,0.0,0.0,,0.0,0.0,0.0,0.0,0.0,
491.0,Zach Evans,22.0,LAR,RB,10.0,0.0,0.0,0.0,0.0,,0.0,0.0,,,0.0,0.0,,,0.0,
492.0,Erik Ezukanma,23.0,MIA,WR,2.0,0.0,1.0,0.0,0.0,,0.0,0.0,0.0,,0.0,0.0,0.0,0.0,0.0,
493.0,Justin Fields,24.0,CHI,QB,13.0,13.0,0.0,0.0,0.0,,0.0,0.0,,,0.0,0.0,,,10.0,
494.0,Joe Flacco,38.0,CLE,QB,5.0,5.0,0.0,0.0,0.0,,0.0,0.0,,,0.0,0.0,,,4.0,AP CPoY-1
495.0,Leonard Fournette,28.0,BUF,RB,2.0,0.0,0.0,0.0,0.0,,0.0,0.0,,,0.0,0.0,,,0.0,
496.0,Blaine Gabbert,34.0,KAN,QB,2.0,1.0,0.0,0.0,0.0,,0.0,0.0,,,0.0,0.0,,,0.0,
497.0,Jimmy Garoppolo,32.0,LVR,QB,7.0,6.0,0.0,0.0,0.0,,0.0,0.0,,,0.0,0.0,,,1.0,
498.0,Blake Gillikin,25.0,ARI,P,13.0,0.0,0.0,0.0,0.0,,0.0,0.0,,,0.0,0.0,,,0.0,
499.0,Jared Goff,29.0,DET,QB,17.0,17.0,0.0,0.0,0.0,,0.0,0.0,,,0.0,0.0,,,6.0,
500.0,Derrick Gore,29.0,WAS,RB,6.0,0.0,0.0,0.0,0.0,,0.0,0.0,,,0.0,0.0,,,0.0,
501.0,Robert Hainsey,25.0,TAM,C,17.0,17.0,0.0,0.0,-3.0,,0.0,0.0,,,0.0,-0.2,,,1.0,
502.0,Jaren Hall,25.0,MIN,QB,3.0,2.0,0.0,0.0,0.0,,0.0,0.0,,,0.0,0.0,,,2.0,
503.0,Jamycal Hasty,27.0,JAX,RB,3.0,0.0,2.0,0.0,0.0,,0.0,0.0,0.0,,0.0,0.0,0.0,0.0,0.0,
504.0,Taylor Heinicke,30.0,ATL,QB,5.0,4.0,0.0,0.0,0.0,,0.0,0.0,,,0.0,0.0,,,1.0,
505.0,Johnny Hekker,33.0,CAR,P,17.0,0.0,0.0,0.0,0.0,,0.0,0.0,,,0.0,0.0,,,1.0,
506.0,Travis Homer,25.0,CHI,RB,16.0,0.0,1.0,0.0,0.0,,0.0,0.0,0.0,,0.0,0.0,0.0,0.0,0.0,
507.0,Amani Hooker,25.0,TEN,DB,13.0,13.0,0.0,0.0,0.0,,0.0,0.0,,,0.0,0.0,,,0.0,
508.0,Brian Hoyer,38.0,LVR,QB,3.0,1.0,0.0,0.0,0.0,,0.0,0.0,,,0.0,0.0,,,0.0,
509.0,Tyler Huntley,25.0,BAL,QB,5.0,1.0,0.0,0.0,0.0,,0.0,0.0,,,0.0,0.0,,,0.0,
510.0,Jalen Hurts,25.0,PHI,QB,17.0,17.0,0.0,0.0,0.0,,0.0,0.0,,,0.0,0.0,,,9.0,PB
511.0,Lamar Jackson,26.0,BAL,QB,16.0,16.0,0.0,0.0,0.0,,0.0,0.0,,,0.0,0.0,,,11.0,"PB,AP-1,AP MVP-1,AP OPoY-4,AP CPoY-9"
512.0,Shedrick Jackson,24.0,CIN,WR,5.0,0.0,1.0,0.0,0.0,,0.0,0.0,0.0,,0.0,0.0,0.0,0.0,0.0,
513.0,Cameron Johnston,31.0,HOU,P,13.0,0.0,0.0,0.0,0.0,,0.0,0.0,,,0.0,0.0,,,0.0,
514.0,Daniel Jones,26.0,NYG,QB,6.0,6.0,0.0,0.0,0.0,,0.0,0.0,,,0.0,0.0,,,4.0,
515.0,Mac Jones,25.0,NWE,QB,11.0,11.0,0.0,0.0,0.0,,0.0,0.0,,,0.0,0.0,,,3.0,
516.0,Case Keenum,35.0,HOU,QB,2.0,2.0,0.0,0.0,0.0,,0.0,0.0,,,0.0,0.0,,,1.0,
517.0,Trevor Lawrence,24.0,JAX,QB,16.0,16.0,0.0,0.0,0.0,,0.0,0.0,,,0.0,0.0,,,12.0,
518.0,Will Levis,24.0,TEN,QB,9.0,9.0,0.0,0.0,0.0,,0.0,0.0,,,0.0,0.0,,,7.0,
519.0,Drew Lock,27.0,SEA,QB,4.0,2.0,0.0,0.0,0.0,,0.0,0.0,,,0.0,0.0,,,0.0,
520.0,Jordan Love,25.0,GNB,QB,17.0,17.0,0.0,0.0,0.0,,0.0,0.0,,,0.0,0.0,,,9.0,
521.0,Patrick Mahomes,28.0,KAN,QB,16.0,16.0,0.0,0.0,0.0,,0.0,0.0,,,0.0,0.0,,,5.0,"PB,AP MVP-7"
522.0,Marcus Mariota,30.0,PHI,QB,3.0,0.0,0.0,0.0,0.0,,0.0,0.0,,,0.0,0.0,,,1.0,
523.0,Baker Mayfield,28.0,TAM,QB,17.0,17.0,0.0,0.0,0.0,,0.0,0.0,,,0.0,0.0,,,8.0,"PB,AP CPoY-3"
524.0,Sean McKeon,26.0,DAL,TE,9.0,0.0,2.0,0.0,0.0,,0.0,0.0,0.0,,0.0,0.0,0.0,0.0,0.0,
525.0,Davis Mills,25.0,HOU,QB,6.0,0.0,0.0,0.0,0.0,,0.0,0.0,,,0.0,0.0,,,0.0,
526.0,Jordan Mims,24.0,NOR,RB,2.0,0.0,2.0,0.0,0.0,,0.0,0.0,0.0,,0.0,0.0,0.0,0.0,0.0,
527.0,Gardner Minshew II,27.0,IND,QB,17.0,13.0,0.0,0.0,0.0,,0.0,0.0,,,0.0,0.0,,,8.0,PB
528.0,Nick Mullens,28.0,MIN,QB,5.0,3.0,0.0,0.0,0.0,,0.0,0.0,,,0.0,0.0,,,2.0,
529.0,Kyler Murray,26.0,ARI,QB,8.0,8.0,0.0,0.0,0.0,,0.0,0.0,,,0.0,0.0,,,7.0,AP CPoY-9
530.0,Nick Niemann,26.0,LAC,LB,17.0,3.0,0.0,0.0,0.0,,0.0,0.0,,,0.0,0.0,,,1.0,
531.0,Keisean Nixon,26.0,GNB,CB,17.0,13.0,0.0,0.0,0.0,,0.0,0.0,,,0.0,0.0,,,3.0,AP-1
532.0,Kene Nwangwu,25.0,MIN,RB,9.0,0.0,0.0,0.0,0.0,,0.0,0.0,,,0.0,0.0,,,0.0,
533.0,Aidan O'Connell,25.0,LVR,QB,11.0,10.0,0.0,0.0,0.0,,0.0,0.0,,,0.0,0.0,,,4.0,
534.0,Albert Okwuegbunam,25.0,PHI,TE,4.0,0.0,1.0,0.0,0.0,,0.0,0.0,0.0,,0.0,0.0,0.0,0.0,0.0,
535.0,Nathan Peterman,29.0,CHI,QB,2.0,0.0,0.0,0.0,0.0,,0.0,0.0,,,0.0,0.0,,,1.0,
536.0,Kenny Pickett,25.0,PIT,QB,12.0,12.0,0.0,0.0,0.0,,0.0,0.0,,,0.0,0.0,,,2.0,
537.0,Dak Prescott,30.0,DAL,QB,17.0,17.0,0.0,0.0,0.0,,0.0,0.0,,,0.0,0.0,,,4.0,"PB,AP-2,AP MVP-2,AP OPoY-5"
538.0,James Proche,27.0,CLE,WR,10.0,1.0,5.0,0.0,0.0,,0.0,0.0,0.0,,0.0,0.0,0.0,0.0,1.0,
539.0,Brock Purdy,24.0,SFO,QB,16.0,16.0,0.0,0.0,0.0,,0.0,0.0,,,0.0,0.0,,,6.0,"PB,AP MVP-4,AP OPoY-6,AP CPoY-6"
540.0,Jalen Reeves-Maybin,28.0,DET,LB,17.0,0.0,0.0,0.0,0.0,,0.0,0.0,,,0.0,0.0,,,0.0,"PB,AP-2"
541.0,Anthony Richardson,21.0,IND,QB,4.0,4.0,0.0,0.0,0.0,,0.0,0.0,,,0.0,0.0,,,3.0,
542.0,Amari Rodgers,24.0,IND,WR,3.0,0.0,2.0,0.0,0.0,,0.0,0.0,0.0,,0.0,0.0,0.0,0.0,0.0,
543.0,Mason Rudolph,28.0,PIT,QB,4.0,3.0,0.0,0.0,0.0,,0.0,0.0,,,0.0,0.0,,,3.0,
544.0,Cooper Rush,30.0,DAL,QB,7.0,0.0,0.0,0.0,0.0,,0.0,0.0,,,0.0,0.0,,,0.0,
545.0,Brett Rypien,27.0,LAR,QB,2.0,1.0,0.0,0.0,0.0,,0.0,0.0,,,0.0,0.0,,,2.0,
546.0,Trevor Siemian,32.0,NYJ,QB,5.0,3.0,0.0,0.0,0.0,,0.0,0.0,,,0.0,0.0,,,5.0,
547.0,Matthew Stafford,35.0,LAR,QB,15.0,15.0,0.0,0.0,0.0,,0.0,0.0,,,0.0,0.0,,,0.0,"PB,AP MVP-8,AP CPoY-4"
548.0,Easton Stick,28.0,LAC,QB,5.0,4.0,0.0,0.0,0.0,,0.0,0.0,,,0.0,0.0,,,5.0,
549.0,Jarrett Stidham,27.0,DEN,QB,3.0,2.0,0.0,0.0,0.0,,0.0,0.0,,,0.0,0.0,,,1.0,
550.0,Ryan Stonehouse,24.0,TEN,P,12.0,0.0,0.0,0.0,0.0,,0.0,0.0,,,0.0,0.0,,,1.0,
551.0,Cole Strange,25.0,NWE,OL,10.0,10.0,0.0,0.0,3.0,,0.0,0.0,,,0.0,0.3,,,0.0,
552.0,Tua Tagovailoa,25.0,MIA,QB,17.0,17.0,0.0,0.0,0.0,,0.0,0.0,,,0.0,0.0,,,13.0,"PB,AP CPoY-5"
553.0,Ryan Tannehill,35.0,TEN,QB,10.0,8.0,1.0,0.0,0.0,,0.0,0.0,0.0,,0.0,0.0,0.0,0.0,4.0,
554.0,Trent Taylor,29.0,CHI,WR,17.0,0.0,2.0,0.0,0.0,,0.0,0.0,0.0,,0.0,0.0,0.0,0.0,2.0,
555.0,Tyrod Taylor,34.0,NYG,QB,11.0,5.0,0.0,0.0,0.0,,0.0,0.0,,,0.0,0.0,,,4.0,
556.0,Dorian Thompson-Robinson,24.0,CLE,QB,8.0,3.0,0.0,0.0,0.0,,0.0,0.0,,,0.0,0.0,,,2.0,
557.0,Kyle Trask,25.0,TAM,QB,2.0,0.0,0.0,0.0,0.0,,0.0,0.0,,,0.0,0.0,,,0.0,
558.0,Mitchell Trubisky,29.0,PIT,QB,5.0,2.0,0.0,0.0,0.0,,0.0,0.0,,,0.0,0.0,,,1.0,
559.0,Clayton Tune,24.0,ARI,QB,7.0,1.0,0.0,0.0,0.0,,0.0,0.0,,,0.0,0.0,,,2.0,
560.0,Zeke Turner,27.0,ARI,LB,16.0,1.0,0.0,0.0,0.0,,0.0,0.0,,,0.0,0.0,,,0.0,
561.0,Greg Van Roten,33.0,LVR,G,17.0,17.0,0.0,0.0,5.0,,0.0,0.0,,,0.0,0.3,,,1.0,
562.0,P.J. Walker,28.0,CLE,QB,6.0,2.0,0.0,0.0,0.0,,0.0,0.0,,,0.0,0.0,,,4.0,
563.0,Jonathan Ward,26.0,TEN,RB,7.0,0.0,0.0,0.0,0.0,,0.0,0.0,,,0.0,0.0,,,0.0,
564.0,Deshaun Watson,28.0,CLE,QB,6.0,6.0,0.0,0.0,0.0,,0.0,0.0,,,0.0,0.0,,,5.0,
565.0,Tress Way,33.0,WAS,P,17.0,0.0,0.0,0.0,0.0,,0.0,0.0,,,0.0,0.0,,,0.0,
566.0,Carson Wentz,31.0,LAR,QB,2.0,1.0,0.0,0.0,0.0,,0.0,0.0,,,0.0,0.0,,,0.0,
567.0,Mike White,28.0,MIA,QB,6.0,0.0,0.0,0.0,0.0,,0.0,0.0,,,0.0,0.0,,,1.0,
568.0,Jonathan Williams,29.0,WAS,RB,1.0,0.0,1.0,0.0,0.0,,0.0,0.0,0.0,,0.0,0.0,0.0,0.0,0.0,
569.0,Rodney Williams,25.0,PIT,TE,13.0,0.0,2.0,0.0,0.0,,0.0,0.0,0.0,,0.0,0.0,0.0,0.0,0.0,
570.0,Malik Willis,24.0,TEN,QB,3.0,0.0,0.0,0.0,0.0,,0.0,0.0,,,0.0,0.0,,,1.0,
571.0,Russell Wilson,35.0,DEN,QB,15.0,15.0,0.0,0.0,0.0,,0.0,0.0,,,0.0,0.0,,,10.0,
572.0,Zach Wilson,24.0,NYJ,QB,12.0,11.0,0.0,0.0,0.0,,0.0,0.0,,,0.0,0.0,,,11.0,
573.0,Juwann Winfree,27.0,IND,WR,8.0,1.0,1.0,0.0,0.0,,0.0,0.0,0.0,,0.0,0.0,0.0,0.0,0.0,
574.0,Jameis Winston,29.0,NOR,QB,7.0,0.0,0.0,0.0,0.0,,0.0,0.0,,,0.0,0.0,,,0.0,
575.0,Logan Woodside,28.0,ATL,QB,1.0,0.0,0.0,0.0,0.0,,0.0,0.0,,,0.0,0.0,,,0.0,
576.0,Bryce Young,22.0,CAR,QB,16.0,16.0,0.0,0.0,0.0,,0.0,0.0,,,0.0,0.0,,,11.0,
577.0,Bailey Zappe,24.0,NWE,QB,10.0,6.0,0.0,0.0,0.0,,0.0,0.0,,,0.0,0.0,,,2.0,
578.0,Ty Zentner,25.0,TEN,P,5.0,0.0,0.0,0.0,0.0,,0.0,0.0,,,0.0,0.0,,,1.0,
,League Average,,,,,,,,,,,,50.4,,1.7,18.1,67.5,7.4,,
