rk,player,age,team,pos,g,gs,att,yds,td,1d,succ%,lng,y/a,y/g,a/g,fmb,awards
1.0,Jonathan Taylor,22.0,IND,RB,17.0,17.0,332.0,1811.0,18.0,107.0,55.4,83.0,5.5,106.5,19.5,4.0,"PB,AP-1,AP OPoY-2"
2.0,Najee Harris,23.0,PIT,RB,17.0,17.0,307.0,1200.0,7.0,62.0,47.6,37.0,3.9,70.6,18.1,0.0,PB
3.0,Joe Mixon,25.0,CIN,RB,16.0,16.0,292.0,1205.0,13.0,60.0,49.7,32.0,4.1,75.3,18.3,2.0,PB
4.0,Antonio Gibson,23.0,WAS,RB,16.0,14.0,258.0,1037.0,7.0,65.0,51.2,27.0,4.0,64.8,16.1,6.0,
5.0,Dalvin Cook,26.0,MIN,RB,13.0,13.0,249.0,1159.0,6.0,57.0,46.2,66.0,4.7,89.2,19.2,3.0,PB
6.0,Alvin Kamara,26.0,NOR,RB,13.0,10.0,240.0,898.0,4.0,42.0,41.3,30.0,3.7,69.1,18.5,0.0,PB
7.0,Ezekiel Elliott,26.0,DAL,RB,17.0,17.0,237.0,1002.0,10.0,55.0,51.5,47.0,4.2,58.9,13.9,1.0,
8.0,Nick Chubb,26.0,CLE,RB,14.0,14.0,228.0,1259.0,8.0,61.0,49.1,70.0,5.5,89.9,16.3,2.0,PB
9.0,David Montgomery,24.0,CHI,RB,13.0,13.0,225.0,849.0,7.0,55.0,46.7,41.0,3.8,65.3,17.3,1.0,
10.0,Derrick Henry,27.0,TEN,RB,8.0,8.0,219.0,937.0,10.0,49.0,44.7,76.0,4.3,117.1,27.4,1.0,
11.0,Josh Jacobs,23.0,LVR,RB,15.0,14.0,217.0,872.0,9.0,45.0,53.0,28.0,4.0,58.1,14.5,2.0,
12.0,Sony Michel,26.0,LAR,RB,17.0,7.0,208.0,845.0,4.0,49.0,51.4,39.0,4.1,49.7,12.2,1.0,
13.0,Elijah Mitchell,23.0,SFO,RB,11.0,10.0,207.0,963.0,5.0,47.0,49.8,39.0,4.7,87.5,18.8,0.0,
14.0,Austin Ekeler,26.0,LAC,RB,16.0,16.0,206.0,911.0,12.0,53.0,55.8,28.0,4.4,56.9,12.9,4.0,
15.0,Melvin Gordon,28.0,DEN,RB,16.0,16.0,203.0,918.0,8.0,48.0,55.2,70.0,4.5,57.4,12.7,3.0,
16.0,Javonte Williams,21.0,DEN,RB,17.0,1.0,203.0,903.0,4.0,52.0,46.3,49.0,4.4,53.1,11.9,2.0,
17.0,James Conner,26.0,ARI,RB,15.0,6.0,202.0,752.0,15.0,53.0,50.0,35.0,3.7,50.1,13.5,2.0,PB
18.0,Damien Harris,24.0,NWE,RB,15.0,15.0,202.0,929.0,15.0,55.0,54.0,64.0,4.6,61.9,13.5,2.0,
19.0,Devin Singletary,24.0,BUF,RB,17.0,16.0,188.0,870.0,7.0,44.0,47.3,46.0,4.6,51.2,11.1,5.0,
20.0,AJ Dillon,23.0,GNB,RB,17.0,2.0,187.0,803.0,5.0,50.0,61.0,36.0,4.3,47.2,11.0,2.0,
21.0,Leonard Fournette,26.0,TAM,RB,14.0,13.0,180.0,812.0,8.0,45.0,56.1,47.0,4.5,58.0,12.9,1.0,
22.0,Myles Gaskin,24.0,MIA,RB,17.0,10.0,173.0,612.0,3.0,25.0,41.6,30.0,3.5,36.0,10.2,2.0,
23.0,Chuba Hubbard,22.0,CAR,RB,17.0,10.0,172.0,612.0,5.0,36.0,43.0,26.0,3.6,36.0,10.1,1.0,
24.0,Aaron Jones,27.0,GNB,RB,15.0,15.0,171.0,799.0,4.0,37.0,49.7,57.0,4.7,53.3,11.4,2.0,
25.0,James Robinson,23.0,JAX,RB,14.0,13.0,164.0,767.0,8.0,41.0,50.0,58.0,4.7,54.8,11.7,4.0,
26.0,Saquon Barkley,24.0,NYG,RB,13.0,13.0,162.0,593.0,2.0,27.0,42.0,41.0,3.7,45.6,12.5,2.0,
27.0,Mark Ingram,32.0,2TM,RB,14.0,10.0,160.0,554.0,2.0,23.0,38.1,28.0,3.5,39.6,11.4,1.0,
27.0,Mark Ingram,32.0,HOU,RB,7.0,7.0,92.0,294.0,1.0,14.0,37.0,24.0,3.2,42.0,13.1,0.0,
27.0,Mark Ingram,32.0,NOR,RB,7.0,3.0,68.0,260.0,1.0,9.0,39.7,28.0,3.8,37.1,9.7,1.0,
28.0,Cordarrelle Patterson,30.0,ATL,RB,16.0,13.0,153.0,618.0,6.0,29.0,43.1,39.0,4.0,38.6,9.6,2.0,
29.0,Jamaal Williams,26.0,DET,RB,13.0,11.0,153.0,601.0,3.0,42.0,54.2,20.0,3.9,46.2,11.8,1.0,
30.0,D'Andre Swift,22.0,DET,RB,13.0,4.0,151.0,617.0,5.0,28.0,36.4,57.0,4.1,47.5,11.6,2.0,
31.0,Darrell Henderson,24.0,LAR,RB,12.0,10.0,149.0,688.0,5.0,39.0,57.0,29.0,4.6,57.3,12.4,0.0,
32.0,Michael Carter,22.0,NYJ,RB,14.0,11.0,147.0,639.0,4.0,29.0,51.0,55.0,4.3,45.6,10.5,1.0,
33.0,Devontae Booker,29.0,NYG,RB,16.0,4.0,145.0,593.0,2.0,31.0,44.1,31.0,4.1,37.1,9.1,0.0,
34.0,Darrel Williams,26.0,KAN,RB,17.0,7.0,144.0,558.0,6.0,40.0,56.9,21.0,3.9,32.8,8.5,0.0,
35.0,Jalen Hurts,23.0,PHI,QB,15.0,15.0,139.0,784.0,10.0,56.0,61.9,31.0,5.6,52.3,9.3,9.0,
36.0,Mike Davis,28.0,ATL,RB,17.0,8.0,138.0,503.0,3.0,21.0,42.0,18.0,3.6,29.6,8.1,4.0,
37.0,Miles Sanders,24.0,PHI,RB,12.0,12.0,137.0,754.0,0.0,33.0,59.1,38.0,5.5,62.8,11.4,1.0,
38.0,Alexander Mattison,23.0,MIN,RB,16.0,4.0,134.0,491.0,3.0,28.0,44.0,48.0,3.7,30.7,8.4,1.0,
39.0,D'Onta Foreman,25.0,TEN,RB,9.0,3.0,133.0,566.0,3.0,22.0,48.9,35.0,4.3,62.9,14.8,2.0,
40.0,Devonta Freeman,29.0,BAL,RB,16.0,8.0,133.0,576.0,5.0,31.0,58.6,32.0,4.3,36.0,8.3,0.0,
41.0,Lamar Jackson,24.0,BAL,QB,12.0,12.0,133.0,767.0,2.0,48.0,56.4,31.0,5.8,63.9,11.1,6.0,PB
42.0,Rhamondre Stevenson,23.0,NWE,RB,12.0,2.0,133.0,606.0,5.0,33.0,57.9,21.0,4.6,50.5,11.1,2.0,
43.0,Tony Pollard,24.0,DAL,RB,15.0,0.0,130.0,719.0,2.0,35.0,53.8,58.0,5.5,47.9,8.7,2.0,
44.0,Josh Allen,25.0,BUF,QB,17.0,17.0,122.0,763.0,6.0,54.0,61.5,34.0,6.3,44.9,7.2,8.0,
45.0,Rex Burkhead,31.0,HOU,RB,16.0,5.0,122.0,427.0,3.0,30.0,44.3,36.0,3.5,26.7,7.6,1.0,
46.0,Clyde Edwards-Helaire,22.0,KAN,RB,10.0,10.0,119.0,517.0,4.0,21.0,56.3,17.0,4.3,51.7,11.9,2.0,
47.0,Latavius Murray,31.0,BAL,RB,14.0,6.0,119.0,501.0,6.0,36.0,58.0,46.0,4.2,35.8,8.5,0.0,
48.0,Rashaad Penny,25.0,SEA,RB,10.0,6.0,119.0,749.0,6.0,28.0,46.2,62.0,6.3,74.9,11.9,0.0,
49.0,Chase Edmonds,25.0,ARI,RB,12.0,11.0,116.0,592.0,2.0,32.0,56.9,54.0,5.1,49.3,9.7,1.0,
50.0,Alex Collins,27.0,SEA,RB,11.0,6.0,108.0,411.0,2.0,22.0,50.9,25.0,3.8,37.4,9.8,1.0,
51.0,Khalil Herbert,23.0,CHI,RB,17.0,2.0,103.0,433.0,2.0,24.0,50.5,29.0,4.2,25.5,6.1,1.0,
52.0,Ronald Jones II,24.0,TAM,RB,16.0,3.0,101.0,428.0,4.0,25.0,62.4,30.0,4.2,26.8,6.3,2.0,
53.0,D'Ernest Johnson,25.0,CLE,RB,17.0,2.0,100.0,534.0,3.0,24.0,52.0,30.0,5.3,31.4,5.9,1.0,
54.0,Christian McCaffrey,25.0,CAR,RB,7.0,7.0,99.0,442.0,1.0,20.0,50.5,18.0,4.5,63.1,14.1,1.0,
55.0,Zack Moss,24.0,BUF,RB,13.0,0.0,96.0,345.0,4.0,22.0,49.0,17.0,3.6,26.5,7.4,2.0,
56.0,Kyler Murray,24.0,ARI,QB,14.0,14.0,88.0,423.0,5.0,25.0,53.4,57.0,4.8,30.2,6.3,13.0,PB
57.0,Phillip Lindsay,27.0,2TM,RB,14.0,1.0,88.0,249.0,1.0,11.0,37.5,35.0,2.8,17.8,6.3,0.0,
57.0,Phillip Lindsay,27.0,HOU,RB,10.0,1.0,50.0,130.0,1.0,7.0,30.0,35.0,2.6,13.0,5.0,0.0,
57.0,Phillip Lindsay,27.0,MIA,RB,4.0,0.0,38.0,119.0,0.0,4.0,47.4,9.0,3.1,29.8,9.5,0.0,
58.0,Boston Scott,26.0,PHI,RB,16.0,4.0,87.0,373.0,7.0,24.0,56.3,23.0,4.3,23.3,5.4,1.0,
59.0,Jordan Howard,27.0,PHI,RB,7.0,0.0,86.0,406.0,3.0,24.0,62.8,25.0,4.7,58.0,12.3,0.0,
60.0,Tevin Coleman,28.0,NYJ,RB,11.0,5.0,84.0,356.0,0.0,19.0,53.6,20.0,4.2,32.4,7.6,0.0,
61.0,Jeff Wilson,26.0,SFO,RB,9.0,4.0,79.0,294.0,2.0,19.0,50.6,17.0,3.7,32.7,8.8,1.0,
62.0,Kareem Hunt,26.0,CLE,RB,8.0,1.0,78.0,386.0,5.0,22.0,47.4,33.0,4.9,48.3,9.8,0.0,
63.0,Trevor Lawrence,22.0,JAX,QB,17.0,17.0,73.0,334.0,2.0,22.0,50.7,26.0,4.6,19.6,4.3,9.0,
64.0,Justin Fields,22.0,CHI,QB,12.0,10.0,72.0,420.0,2.0,22.0,48.6,23.0,5.8,35.0,6.0,12.0,
65.0,Carlos Hyde,31.0,JAX,RB,12.0,2.0,72.0,253.0,1.0,14.0,50.0,18.0,3.5,21.1,6.0,2.0,
66.0,Duke Johnson,28.0,MIA,RB,5.0,4.0,71.0,330.0,3.0,18.0,49.3,27.0,4.6,66.0,14.2,0.0,
67.0,Taysom Hill,31.0,NOR,QB/WR,12.0,9.0,70.0,374.0,5.0,26.0,61.4,44.0,5.3,31.2,5.8,2.0,
68.0,Kenneth Gainwell,22.0,PHI,RB,16.0,1.0,68.0,291.0,5.0,19.0,50.0,18.0,4.3,18.2,4.3,2.0,
69.0,Justin Jackson,25.0,LAC,RB,14.0,2.0,68.0,364.0,2.0,18.0,50.0,75.0,5.4,26.0,4.9,1.0,
70.0,Jaret Patterson,22.0,WAS,RB,17.0,1.0,68.0,266.0,2.0,15.0,50.0,13.0,3.9,15.6,4.0,1.0,
71.0,David Johnson,30.0,HOU,RB,13.0,4.0,67.0,228.0,0.0,7.0,34.3,15.0,3.4,17.5,5.2,1.0,
72.0,Patrick Mahomes,26.0,KAN,QB,17.0,17.0,66.0,381.0,2.0,25.0,50.0,32.0,5.8,22.4,3.9,9.0,PB
73.0,Kenyan Drake,27.0,LVR,RB,12.0,2.0,63.0,254.0,2.0,15.0,44.4,21.0,4.0,21.2,5.3,1.0,
74.0,Justin Herbert,23.0,LAC,QB,17.0,17.0,63.0,302.0,3.0,28.0,58.7,36.0,4.8,17.8,3.7,1.0,PB
75.0,Daniel Jones,24.0,NYG,QB,11.0,11.0,62.0,298.0,2.0,16.0,48.4,46.0,4.8,27.1,5.6,7.0,
76.0,Ty Johnson,24.0,NYJ,RB,16.0,3.0,61.0,238.0,2.0,13.0,47.5,24.0,3.9,14.9,3.8,2.0,
77.0,Taylor Heinicke,28.0,WAS,QB,16.0,15.0,60.0,313.0,1.0,20.0,46.7,38.0,5.2,19.6,3.8,7.0,
78.0,Deebo Samuel,25.0,SFO,WR,16.0,15.0,59.0,365.0,8.0,21.0,54.2,49.0,6.2,22.8,3.7,4.0,"PB,AP-1"
79.0,Carson Wentz,29.0,IND,QB,17.0,17.0,57.0,215.0,1.0,21.0,49.1,18.0,3.8,12.6,3.4,8.0,
80.0,Dontrell Hilliard,26.0,TEN,RB,8.0,5.0,56.0,350.0,2.0,15.0,46.4,68.0,6.3,43.8,7.0,2.0,
81.0,Nyheim Hines,25.0,IND,RB,17.0,4.0,56.0,276.0,2.0,15.0,48.2,34.0,4.9,16.2,3.3,3.0,
82.0,Royce Freeman,25.0,2TM,RB,15.0,0.0,56.0,169.0,0.0,8.0,44.6,13.0,3.0,11.3,3.7,0.0,
82.0,Royce Freeman,25.0,CAR,RB,8.0,0.0,21.0,77.0,0.0,4.0,47.6,13.0,3.7,9.6,2.6,0.0,
82.0,Royce Freeman,25.0,HOU,RB,7.0,0.0,35.0,92.0,0.0,4.0,42.9,13.0,2.6,13.1,5.0,0.0,
83.0,Peyton Barber,27.0,LVR,RB,10.0,1.0,55.0,212.0,2.0,12.0,47.3,27.0,3.9,21.2,5.5,2.0,
84.0,Samaje Perine,26.0,CIN,RB,16.0,0.0,55.0,246.0,1.0,11.0,41.8,46.0,4.5,15.4,3.4,0.0,
85.0,Craig Reynolds,25.0,DET,RB,5.0,2.0,55.0,230.0,0.0,11.0,43.6,35.0,4.2,46.0,11.0,0.0,
86.0,Ryan Tannehill,33.0,TEN,QB,17.0,17.0,55.0,270.0,7.0,33.0,65.5,28.0,4.9,15.9,3.2,10.0,
87.0,Salvon Ahmed,23.0,MIA,RB,12.0,0.0,54.0,149.0,0.0,8.0,29.6,16.0,2.8,12.4,4.5,0.0,
88.0,Chris Carson,27.0,SEA,RB,4.0,4.0,54.0,232.0,3.0,11.0,55.6,33.0,4.3,58.0,13.5,1.0,
89.0,Tony Jones,24.0,NOR,RB,11.0,4.0,54.0,142.0,0.0,7.0,37.0,11.0,2.6,12.9,4.9,0.0,
90.0,Derrick Gore,27.0,KAN,RB,11.0,0.0,51.0,256.0,2.0,12.0,60.8,51.0,5.0,23.3,4.6,0.0,
91.0,Ameer Abdullah,28.0,2TM,RB,17.0,1.0,51.0,166.0,0.0,8.0,45.1,15.0,3.3,9.8,3.0,0.0,
91.0,Ameer Abdullah,28.0,MIN,RB,6.0,0.0,7.0,30.0,0.0,0.0,42.9,9.0,4.3,5.0,1.2,0.0,
91.0,Ameer Abdullah,28.0,CAR,RB,11.0,1.0,44.0,136.0,0.0,8.0,45.5,15.0,3.1,12.4,4.0,0.0,
92.0,Sam Darnold,24.0,CAR,QB,12.0,11.0,48.0,222.0,5.0,20.0,60.4,30.0,4.6,18.5,4.0,9.0,
93.0,J.D. McKissic,28.0,WAS,RB,11.0,3.0,48.0,212.0,2.0,14.0,60.4,15.0,4.4,19.3,4.4,0.0,
94.0,Dak Prescott,28.0,DAL,QB,16.0,16.0,48.0,146.0,1.0,7.0,27.1,21.0,3.0,9.1,3.0,14.0,AP CPoY-2
95.0,Tyler Huntley,23.0,BAL,QB,7.0,4.0,47.0,294.0,2.0,22.0,55.3,21.0,6.3,42.0,6.7,4.0,
96.0,Cam Newton,32.0,CAR,QB,8.0,5.0,47.0,230.0,5.0,20.0,55.3,33.0,4.9,28.8,5.9,4.0,
97.0,Brandon Bolden,31.0,NWE,RB,17.0,1.0,44.0,226.0,1.0,12.0,43.2,24.0,5.1,13.3,2.6,1.0,
98.0,Mac Jones,23.0,NWE,QB,17.0,17.0,44.0,129.0,0.0,22.0,52.3,13.0,2.9,7.6,2.6,7.0,"PB,AP ORoY-2"
99.0,Dare Ogunbowale,27.0,JAX,RB,17.0,2.0,43.0,137.0,1.0,5.0,37.2,12.0,3.2,8.1,2.5,0.0,
100.0,Russell Wilson,33.0,SEA,QB,14.0,14.0,43.0,183.0,2.0,17.0,44.2,17.0,4.3,13.1,3.1,6.0,PB
101.0,Tua Tagovailoa,23.0,MIA,QB,13.0,12.0,42.0,128.0,3.0,13.0,40.5,23.0,3.0,9.8,3.2,9.0,
102.0,Jeremy McNichols,26.0,TEN,RB,14.0,0.0,41.0,156.0,0.0,6.0,41.5,14.0,3.8,11.1,2.9,0.0,
103.0,Trey Sermon,22.0,SFO,RB,9.0,2.0,41.0,167.0,1.0,9.0,56.1,16.0,4.1,18.6,4.6,0.0,
104.0,Joe Burrow,25.0,CIN,QB,16.0,16.0,40.0,118.0,2.0,14.0,40.0,12.0,3.0,7.4,2.5,5.0,AP CPoY-1
105.0,Derek Carr,30.0,LVR,QB,17.0,17.0,40.0,108.0,0.0,9.0,40.0,22.0,2.7,6.4,2.4,13.0,
106.0,Matt Ryan,36.0,ATL,QB,17.0,17.0,40.0,82.0,1.0,9.0,30.0,17.0,2.1,4.8,2.4,11.0,
107.0,Damien Williams,29.0,CHI,RB,12.0,2.0,40.0,164.0,2.0,11.0,52.5,23.0,4.1,13.7,3.3,0.0,
108.0,Le'Veon Bell,29.0,2TM,RB,8.0,0.0,39.0,101.0,2.0,9.0,46.2,12.0,2.6,12.6,4.9,0.0,
108.0,Le'Veon Bell,29.0,BAL,RB,5.0,0.0,31.0,83.0,2.0,8.0,48.4,12.0,2.7,16.6,6.2,0.0,
108.0,Le'Veon Bell,29.0,TAM,RB,3.0,0.0,8.0,18.0,0.0,1.0,37.5,7.0,2.3,6.0,2.7,0.0,
109.0,Jimmy Garoppolo,30.0,SFO,QB,15.0,15.0,38.0,51.0,3.0,15.0,47.4,7.0,1.3,3.4,2.5,8.0,
110.0,Trey Lance,21.0,SFO,QB,6.0,2.0,38.0,168.0,1.0,8.0,42.1,15.0,4.4,28.0,6.3,0.0,
111.0,Adrian Peterson,36.0,2TM,RB,4.0,3.0,38.0,98.0,2.0,6.0,42.1,16.0,2.6,24.5,9.5,1.0,
111.0,Adrian Peterson,36.0,TEN,RB,3.0,2.0,27.0,82.0,1.0,4.0,44.4,16.0,3.0,27.3,9.0,0.0,
111.0,Adrian Peterson,36.0,SEA,RB,1.0,1.0,11.0,16.0,1.0,2.0,36.4,7.0,1.5,16.0,11.0,1.0,
112.0,Baker Mayfield,26.0,CLE,QB,14.0,14.0,37.0,134.0,1.0,12.0,48.6,14.0,3.6,9.6,2.6,6.0,
113.0,Larry Rountree,22.0,LAC,RB,12.0,0.0,36.0,87.0,1.0,5.0,33.3,13.0,2.4,7.3,3.0,0.0,
114.0,Benny Snell Jr.,23.0,PIT,RB,17.0,0.0,36.0,98.0,0.0,3.0,30.6,9.0,2.7,5.8,2.1,0.0,
115.0,Ke'Shawn Vaughn,24.0,TAM,RB,12.0,1.0,36.0,180.0,2.0,9.0,50.0,55.0,5.0,15.0,3.0,0.0,
116.0,Ty'Son Williams,25.0,BAL,RB,13.0,3.0,35.0,185.0,1.0,7.0,45.7,35.0,5.3,14.2,2.7,1.0,
117.0,Eno Benjamin,22.0,ARI,RB,9.0,0.0,34.0,118.0,1.0,4.0,41.2,21.0,3.5,13.1,3.8,0.0,
118.0,Malcolm Brown,28.0,MIA,RB,7.0,3.0,33.0,125.0,1.0,6.0,51.5,24.0,3.8,17.9,4.7,0.0,
119.0,Corey Clement,27.0,DAL,RB,17.0,0.0,33.0,140.0,0.0,7.0,42.4,38.0,4.2,8.2,1.9,0.0,
120.0,DeeJay Dallas,23.0,SEA,RB,17.0,0.0,33.0,138.0,2.0,10.0,57.6,15.0,4.2,8.1,1.9,1.0,
121.0,Joshua Kelley,24.0,LAC,RB,10.0,0.0,33.0,102.0,0.0,5.0,30.3,14.0,3.1,10.2,3.3,1.0,
122.0,Aaron Rodgers,38.0,GNB,QB,16.0,16.0,33.0,101.0,3.0,10.0,36.4,18.0,3.1,6.3,2.1,3.0,"PB,AP-1,AP MVP-1,AP OPoY-4"
123.0,Matthew Stafford,33.0,LAR,QB,17.0,17.0,32.0,43.0,0.0,8.0,31.3,12.0,1.3,2.5,1.9,5.0,
124.0,Jameis Winston,27.0,NOR,QB,7.0,7.0,32.0,166.0,1.0,17.0,56.3,20.0,5.2,23.7,4.6,2.0,
125.0,Teddy Bridgewater,29.0,DEN,QB,14.0,14.0,30.0,106.0,2.0,16.0,60.0,13.0,3.5,7.6,2.1,1.0,
126.0,Kirk Cousins,33.0,MIN,QB,16.0,16.0,29.0,115.0,1.0,8.0,48.3,29.0,4.0,7.2,1.8,12.0,PB
127.0,Zach Wilson,22.0,NYJ,QB,13.0,13.0,29.0,185.0,4.0,10.0,44.8,52.0,6.4,14.2,2.2,5.0,
128.0,Tom Brady,44.0,TAM,QB,17.0,17.0,28.0,81.0,2.0,14.0,53.6,13.0,2.9,4.8,1.6,4.0,"PB,AP-2,AP MVP-2,AP OPoY-3"
129.0,Wayne Gallman,27.0,ATL,RB,6.0,0.0,28.0,104.0,0.0,5.0,35.7,17.0,3.7,17.3,4.7,0.0,
130.0,Marlon Mack,25.0,IND,RB,6.0,0.0,28.0,101.0,0.0,6.0,32.1,22.0,3.6,16.8,4.7,0.0,
131.0,Matt Breida,26.0,BUF,RB,9.0,0.0,26.0,125.0,1.0,5.0,65.4,28.0,4.8,13.9,2.9,1.0,
132.0,Austin Walter,25.0,NYJ,RB,4.0,0.0,26.0,101.0,1.0,5.0,42.3,14.0,3.9,25.3,6.5,0.0,
133.0,Elijhaa Penny,28.0,NYG,RB,17.0,3.0,24.0,99.0,1.0,9.0,50.0,12.0,4.1,5.8,1.4,0.0,
134.0,Patrick Taylor,23.0,GNB,RB,9.0,0.0,23.0,89.0,1.0,5.0,60.9,12.0,3.9,9.9,2.6,0.0,
135.0,Colt McCoy,35.0,ARI,QB,8.0,3.0,22.0,37.0,0.0,6.0,31.8,11.0,1.7,4.6,2.8,4.0,
136.0,Travis Homer,23.0,SEA,RB,14.0,0.0,21.0,177.0,1.0,7.0,57.1,73.0,8.4,12.6,1.5,0.0,
137.0,Qadree Ollison,25.0,ATL,RB,8.0,0.0,21.0,105.0,1.0,7.0,52.4,19.0,5.0,13.1,2.6,1.0,
138.0,Ben Roethlisberger,39.0,PIT,QB,16.0,16.0,20.0,5.0,1.0,3.0,20.0,8.0,0.3,0.3,1.3,11.0,
139.0,Jacoby Brissett,29.0,MIA,QB,11.0,5.0,19.0,70.0,1.0,9.0,63.2,19.0,3.7,6.4,1.7,6.0,
140.0,J.J. Taylor,23.0,NWE,RB,5.0,0.0,19.0,37.0,2.0,3.0,21.1,15.0,1.9,7.4,3.8,1.0,
141.0,Tyrod Taylor,32.0,HOU,QB,6.0,6.0,19.0,151.0,3.0,6.0,52.6,30.0,7.9,25.2,3.2,3.0,
142.0,Godwin Igwebuike,27.0,DET,RB,17.0,1.0,18.0,118.0,1.0,7.0,61.1,42.0,6.6,6.9,1.1,2.0,
143.0,Davis Mills,23.0,HOU,QB,13.0,11.0,18.0,44.0,0.0,5.0,38.9,11.0,2.4,3.4,1.4,5.0,
144.0,Rondale Moore,21.0,ARI,WR,14.0,7.0,18.0,76.0,0.0,2.0,50.0,26.0,4.2,5.4,1.3,3.0,
145.0,Chris Evans,24.0,CIN,RB,14.0,1.0,17.0,77.0,0.0,3.0,41.2,13.0,4.5,5.5,1.2,0.0,
146.0,Jared Goff,27.0,DET,QB,14.0,14.0,17.0,87.0,0.0,4.0,29.4,26.0,5.1,6.2,1.2,9.0,
147.0,Jonathan Williams,27.0,WAS,RB,5.0,0.0,17.0,79.0,1.0,7.0,64.7,23.0,4.6,15.8,3.4,0.0,
148.0,Andy Dalton,34.0,CHI,QB,8.0,6.0,16.0,76.0,0.0,2.0,50.0,14.0,4.8,9.5,2.0,1.0,
149.0,Jamycal Hasty,25.0,SFO,RB,11.0,0.0,16.0,68.0,1.0,6.0,43.8,21.0,4.3,6.2,1.5,2.0,
150.0,Ryquell Armstead,25.0,JAX,RB,2.0,0.0,15.0,80.0,0.0,3.0,60.0,26.0,5.3,40.0,7.5,0.0,
151.0,Jermar Jefferson,21.0,DET,RB,7.0,0.0,15.0,74.0,2.0,4.0,53.3,28.0,4.9,10.6,2.1,0.0,
152.0,Ty Montgomery,28.0,NOR,WR,14.0,3.0,15.0,44.0,0.0,2.0,33.3,9.0,2.9,3.1,1.1,0.0,
153.0,Trayveon Williams,24.0,CIN,RB,5.0,0.0,15.0,51.0,0.0,4.0,53.3,10.0,3.4,10.2,3.0,0.0,
154.0,Chase Claypool,23.0,PIT,WR,15.0,13.0,14.0,96.0,0.0,7.0,71.4,25.0,6.9,6.4,0.9,0.0,
155.0,Jason Huntley,23.0,PHI,RB,1.0,0.0,13.0,51.0,0.0,2.0,30.8,18.0,3.9,51.0,13.0,0.0,
156.0,Deon Jackson,22.0,IND,RB,9.0,0.0,13.0,31.0,1.0,2.0,30.8,10.0,2.4,3.4,1.4,0.0,
157.0,Marcus Mariota,28.0,LVR,QB,10.0,0.0,13.0,87.0,1.0,6.0,76.9,31.0,6.7,8.7,1.3,1.0,
158.0,Kene Nwangwu,23.0,MIN,RB,11.0,0.0,13.0,61.0,0.0,3.0,30.8,19.0,4.7,5.5,1.2,0.0,
159.0,Mitchell Trubisky,27.0,BUF,QB,6.0,0.0,13.0,24.0,1.0,3.0,23.1,22.0,1.8,4.0,2.2,0.0,
160.0,Kalen Ballage,26.0,PIT,RB,17.0,0.0,12.0,36.0,0.0,2.0,41.7,13.0,3.0,2.1,0.7,0.0,
161.0,Kendrick Bourne,26.0,NWE,WR,17.0,5.0,12.0,125.0,0.0,7.0,83.3,18.0,10.4,7.4,0.7,1.0,
162.0,Case Keenum,33.0,CLE,QB,7.0,2.0,12.0,22.0,0.0,6.0,50.0,10.0,1.8,3.1,1.7,1.0,
163.0,Jordan Love,23.0,GNB,QB,6.0,1.0,12.0,27.0,0.0,1.0,25.0,10.0,2.3,4.5,2.0,3.0,
164.0,Jerick McKinnon,29.0,KAN,RB,13.0,0.0,12.0,62.0,0.0,2.0,58.3,18.0,5.2,4.8,0.9,0.0,
165.0,Brian Hoyer,36.0,NWE,QB,5.0,0.0,11.0,-8.0,0.0,1.0,9.1,2.0,-0.7,-1.6,2.2,0.0,
166.0,Laviska Shenault Jr.,23.0,JAX,WR,16.0,10.0,11.0,41.0,0.0,2.0,45.5,11.0,3.7,2.6,0.7,1.0,
167.0,DeAndre Carter,28.0,WAS,WR,17.0,6.0,10.0,89.0,0.0,4.0,80.0,27.0,8.9,5.2,0.6,3.0,
168.0,Kylin Hill,23.0,GNB,RB,8.0,0.0,10.0,24.0,0.0,1.0,20.0,8.0,2.4,3.0,1.3,0.0,
169.0,Drew Lock,25.0,DEN,QB,6.0,3.0,10.0,53.0,2.0,5.0,50.0,23.0,5.3,8.8,1.7,2.0,
170.0,Jalen Reagor,22.0,PHI,WR,17.0,13.0,10.0,32.0,0.0,3.0,40.0,12.0,3.2,1.9,0.6,2.0,
171.0,James White,29.0,NWE,RB,3.0,0.0,10.0,38.0,1.0,4.0,60.0,10.0,3.8,12.7,3.3,0.0,
172.0,Blaine Gabbert,32.0,TAM,QB,6.0,0.0,9.0,-7.0,0.0,0.0,0.0,,-0.8,-1.2,1.5,0.0,
173.0,Tyreek Hill,27.0,KAN,WR,17.0,16.0,9.0,96.0,0.0,4.0,66.7,33.0,10.7,5.6,0.5,2.0,PB
174.0,CeeDee Lamb,22.0,DAL,WR,16.0,13.0,9.0,76.0,0.0,4.0,66.7,33.0,8.4,4.8,0.6,0.0,PB
175.0,Isaiah McKenzie,26.0,BUF,WR,15.0,2.0,9.0,47.0,1.0,4.0,55.6,10.0,5.2,3.1,0.6,2.0,
176.0,Gardner Minshew II,25.0,PHI,QB,4.0,2.0,9.0,21.0,0.0,2.0,55.6,9.0,2.3,5.3,2.3,1.0,
177.0,Jalen Richard,28.0,LVR,RB,10.0,0.0,9.0,40.0,0.0,3.0,44.4,23.0,4.4,4.0,0.9,0.0,
178.0,Cooper Rush,28.0,DAL,QB,5.0,1.0,9.0,-8.0,0.0,0.0,0.0,2.0,-0.9,-1.6,1.8,1.0,
179.0,Trevor Siemian,30.0,NOR,QB,6.0,4.0,9.0,20.0,1.0,2.0,22.2,17.0,2.2,3.3,1.5,3.0,
180.0,Geno Smith,31.0,SEA,QB,4.0,3.0,9.0,42.0,1.0,3.0,77.8,12.0,4.7,10.5,2.3,1.0,
181.0,Jonnu Smith,26.0,NWE,TE,16.0,11.0,9.0,40.0,0.0,2.0,44.4,9.0,4.4,2.5,0.6,1.0,
182.0,Keith Smith,29.0,ATL,FB,17.0,8.0,9.0,31.0,0.0,3.0,55.6,8.0,3.4,1.8,0.5,0.0,
183.0,Jonathan Ward,24.0,ARI,RB,13.0,0.0,9.0,33.0,0.0,3.0,44.4,7.0,3.7,2.5,0.7,0.0,
184.0,Josh Johnson,35.0,2TM,QB,4.0,1.0,9.0,28.0,0.0,1.0,33.3,11.0,3.1,7.0,2.3,2.0,
184.0,Josh Johnson,35.0,NYJ,QB,3.0,0.0,4.0,18.0,0.0,1.0,50.0,11.0,4.5,6.0,1.3,0.0,
184.0,Josh Johnson,35.0,BAL,QB,1.0,1.0,5.0,10.0,0.0,0.0,20.0,7.0,2.0,10.0,5.0,2.0,
185.0,Giovani Bernard,30.0,TAM,RB,12.0,0.0,8.0,58.0,0.0,3.0,62.5,24.0,7.3,4.8,0.7,1.0,
186.0,Michael Burton,29.0,KAN,RB,16.0,0.0,8.0,26.0,1.0,8.0,100.0,7.0,3.3,1.6,0.5,0.0,
187.0,Jake Fromm,23.0,NYG,QB,3.0,2.0,8.0,65.0,0.0,4.0,62.5,27.0,8.1,21.7,2.7,2.0,
188.0,Mecole Hardman,23.0,KAN,WR,17.0,8.0,8.0,46.0,0.0,2.0,25.0,24.0,5.8,2.7,0.5,3.0,
189.0,Chad Henne,36.0,KAN,QB,4.0,0.0,8.0,0.0,0.0,0.0,12.5,,0.0,0.0,2.0,2.0,
190.0,Kyle Juszczyk,30.0,SFO,FB,17.0,16.0,8.0,22.0,1.0,3.0,50.0,6.0,2.8,1.3,0.5,0.0,PB
191.0,D.J. Moore,24.0,CAR,WR,17.0,17.0,8.0,48.0,0.0,4.0,75.0,14.0,6.0,2.8,0.5,1.0,
192.0,La'Mical Perine,23.0,NYJ,RB,4.0,0.0,8.0,31.0,0.0,1.0,25.0,14.0,3.9,7.8,2.0,0.0,
193.0,Robert Woods,29.0,LAR,WR,9.0,9.0,8.0,46.0,1.0,1.0,50.0,16.0,5.8,5.1,0.9,0.0,
194.0,Jamal Agnew,26.0,JAX,WR,10.0,2.0,7.0,111.0,1.0,3.0,85.7,66.0,15.9,11.1,0.7,1.0,
195.0,Brandon Allen,29.0,CIN,QB,6.0,1.0,7.0,-1.0,0.0,1.0,14.3,3.0,-0.1,-0.2,1.2,1.0,
196.0,Braxton Berrios,26.0,NYJ,WR,16.0,1.0,7.0,40.0,2.0,3.0,85.7,11.0,5.7,2.5,0.4,1.0,AP-1
197.0,Ja'Marr Chase,21.0,CIN,WR,17.0,17.0,7.0,21.0,0.0,2.0,42.9,10.0,3.0,1.2,0.4,2.0,"PB,AP-2,AP ORoY-1"
198.0,Devin Duvernay,24.0,BAL,WR,16.0,7.0,7.0,50.0,0.0,4.0,42.9,19.0,7.1,3.1,0.4,1.0,"PB,AP-1"
199.0,Demetric Felton,23.0,CLE,WR,16.0,2.0,7.0,24.0,0.0,0.0,28.6,12.0,3.4,1.5,0.4,4.0,
200.0,Mike Glennon,32.0,NYG,QB,6.0,4.0,7.0,33.0,1.0,2.0,57.1,13.0,4.7,5.5,1.2,6.0,
201.0,Jalen Guyton,24.0,LAC,WR,16.0,2.0,7.0,34.0,0.0,2.0,28.6,21.0,4.9,2.1,0.4,1.0,
202.0,C.J. Ham,28.0,MIN,FB,17.0,8.0,7.0,34.0,0.0,3.0,42.9,30.0,4.9,2.0,0.4,0.0,
203.0,Amon-Ra St. Brown,22.0,DET,WR,17.0,9.0,7.0,61.0,1.0,2.0,42.9,26.0,8.7,3.6,0.4,0.0,
204.0,P.J. Walker,26.0,CAR,QB,5.0,1.0,7.0,13.0,0.0,2.0,42.9,13.0,1.9,2.6,1.4,3.0,
205.0,Justin Jefferson,22.0,MIN,WR,17.0,17.0,6.0,14.0,0.0,1.0,33.3,11.0,2.3,0.8,0.4,1.0,"PB,AP-2"
206.0,Jarvis Landry,29.0,CLE,WR,12.0,12.0,6.0,40.0,2.0,4.0,83.3,16.0,6.7,3.3,0.5,3.0,
207.0,Darnell Mooney,24.0,CHI,WR,17.0,14.0,6.0,32.0,1.0,2.0,33.3,15.0,5.3,1.9,0.4,0.0,
208.0,Scottie Phillips,24.0,HOU,RB,3.0,0.0,6.0,13.0,0.0,1.0,33.3,4.0,2.2,4.3,2.0,0.0,
209.0,Anthony Schwartz,21.0,CLE,WR,14.0,2.0,6.0,39.0,0.0,4.0,66.7,17.0,6.5,2.8,0.4,0.0,
210.0,Logan Woodside,26.0,TEN,QB,5.0,0.0,6.0,-6.0,0.0,0.0,0.0,-1.0,-1.0,-1.2,1.2,0.0,
211.0,Brandon Aiyuk,23.0,SFO,WR,17.0,16.0,5.0,17.0,0.0,0.0,40.0,8.0,3.4,1.0,0.3,2.0,
212.0,Cam Akers,22.0,LAR,RB,1.0,0.0,5.0,3.0,0.0,0.0,0.0,2.0,0.6,3.0,5.0,0.0,
213.0,Alex Armah,27.0,NOR,FB,9.0,2.0,5.0,21.0,0.0,4.0,80.0,9.0,4.2,2.3,0.6,0.0,
214.0,Jakeem Grant,29.0,2TM,WR,15.0,0.0,5.0,33.0,0.0,2.0,60.0,13.0,6.6,2.2,0.3,3.0,"PB,AP-2"
214.0,Jakeem Grant,29.0,MIA,WR,4.0,0.0,0.0,0.0,0.0,0.0,,,,0.0,0.0,2.0,
214.0,Jakeem Grant,29.0,CHI,WR,11.0,0.0,5.0,33.0,0.0,2.0,60.0,13.0,6.6,3.0,0.5,1.0,
215.0,Deonte Harty,24.0,NOR,WR,13.0,1.0,5.0,41.0,0.0,1.0,60.0,22.0,8.2,3.2,0.4,2.0,
216.0,Buddy Howell,25.0,LAR,RB,10.0,0.0,5.0,11.0,0.0,0.0,0.0,4.0,2.2,1.1,0.5,0.0,
217.0,Diontae Johnson,25.0,PIT,WR,16.0,14.0,5.0,53.0,0.0,2.0,80.0,25.0,10.6,3.3,0.3,2.0,PB
218.0,Elijah Moore,21.0,NYJ,WR,11.0,6.0,5.0,54.0,1.0,3.0,100.0,19.0,10.8,4.9,0.5,0.0,
219.0,Michael Pittman Jr.,24.0,IND,WR,17.0,17.0,5.0,44.0,0.0,1.0,40.0,25.0,8.8,2.6,0.3,1.0,
220.0,Mason Rudolph,26.0,PIT,QB,2.0,1.0,5.0,53.0,0.0,3.0,60.0,26.0,10.6,26.5,2.5,1.0,
221.0,Jaylen Samuels,25.0,HOU,RB,3.0,0.0,5.0,9.0,0.0,0.0,0.0,3.0,1.8,3.0,1.7,0.0,
222.0,Wendell Smallwood,27.0,WAS,RB,3.0,0.0,5.0,25.0,0.0,2.0,60.0,13.0,5.0,8.3,1.7,0.0,
223.0,Freddie Swain,23.0,SEA,WR,17.0,8.0,5.0,32.0,0.0,2.0,60.0,11.0,6.4,1.9,0.3,1.0,
224.0,Mike White,26.0,NYJ,QB,4.0,3.0,5.0,-1.0,0.0,2.0,40.0,2.0,-0.2,-0.3,1.3,0.0,
225.0,Mekhi Sargent,24.0,3TM,RB,7.0,0.0,5.0,11.0,0.0,1.0,20.0,3.0,2.2,1.6,0.7,0.0,
225.0,Mekhi Sargent,24.0,TEN,RB,3.0,0.0,2.0,4.0,0.0,1.0,50.0,2.0,2.0,1.3,0.7,0.0,
225.0,Mekhi Sargent,24.0,LAR,RB,3.0,0.0,2.0,5.0,0.0,0.0,0.0,3.0,2.5,1.7,0.7,0.0,
225.0,Mekhi Sargent,24.0,JAX,RB,1.0,0.0,1.0,2.0,0.0,0.0,0.0,2.0,2.0,2.0,1.0,0.0,
226.0,Kenjon Barner,32.0,TAM,RB,3.0,0.0,4.0,0.0,0.0,0.0,0.0,,0.0,0.0,1.3,0.0,
227.0,Blake Bell,30.0,KAN,TE,16.0,5.0,4.0,10.0,0.0,4.0,100.0,3.0,2.5,0.6,0.3,0.0,
228.0,Mike Boone,26.0,DEN,RB,8.0,0.0,4.0,35.0,0.0,2.0,50.0,16.0,8.8,4.4,0.5,0.0,
229.0,D'Wayne Eskridge,24.0,SEA,WR,10.0,0.0,4.0,59.0,0.0,2.0,100.0,30.0,14.8,5.9,0.4,0.0,
230.0,Nick Foles,32.0,CHI,QB,1.0,1.0,4.0,8.0,0.0,1.0,50.0,8.0,2.0,8.0,4.0,1.0,
231.0,Chris Godwin,25.0,TAM,WR,14.0,14.0,4.0,21.0,1.0,4.0,100.0,9.0,5.3,1.5,0.3,2.0,
232.0,JaQuan Hardy,24.0,DAL,RB,3.0,0.0,4.0,29.0,1.0,1.0,50.0,22.0,7.3,9.7,1.3,0.0,
233.0,Cooper Kupp,28.0,LAR,WR,17.0,17.0,4.0,18.0,0.0,1.0,50.0,18.0,4.5,1.1,0.2,0.0,"PB,AP-1,AP MVP-3,AP OPoY-1"
234.0,Kalif Raymond,27.0,DET,WR,16.0,14.0,4.0,28.0,0.0,2.0,75.0,13.0,7.0,1.8,0.3,0.0,
235.0,Curtis Samuel,25.0,WAS,WR,5.0,1.0,4.0,11.0,0.0,0.0,50.0,8.0,2.8,2.2,0.8,0.0,
236.0,Dwayne Washington,27.0,NOR,RB,14.0,0.0,4.0,16.0,0.0,0.0,50.0,5.0,4.0,1.1,0.3,0.0,
237.0,Albert Wilson,29.0,MIA,WR,14.0,5.0,4.0,17.0,0.0,1.0,50.0,14.0,4.3,1.2,0.3,0.0,
238.0,Nelson Agholor,28.0,NWE,WR,15.0,13.0,3.0,11.0,0.0,0.0,33.3,6.0,3.7,0.7,0.2,0.0,
239.0,Tavon Austin,31.0,JAX,WR,13.0,3.0,3.0,21.0,0.0,1.0,100.0,8.0,7.0,1.6,0.2,1.0,
240.0,Khari Blasingame,25.0,TEN,RB,11.0,3.0,3.0,6.0,0.0,1.0,33.3,3.0,2.0,0.5,0.3,1.0,
241.0,Ian Book,23.0,NOR,QB,1.0,1.0,3.0,6.0,0.0,1.0,33.3,3.0,2.0,6.0,3.0,0.0,
242.0,Jason Cabinda,25.0,DET,LB,14.0,4.0,3.0,23.0,0.0,2.0,66.7,21.0,7.7,1.6,0.2,0.0,
243.0,Robbie Chosen,28.0,CAR,WR,17.0,16.0,3.0,36.0,0.0,1.0,66.7,30.0,12.0,2.1,0.2,0.0,
244.0,Damarea Crockett,24.0,DEN,RB,12.0,0.0,3.0,7.0,0.0,0.0,33.3,6.0,2.3,0.6,0.3,0.0,
245.0,Ashton Dulin,24.0,IND,WR,17.0,1.0,3.0,32.0,0.0,1.0,33.3,37.0,10.7,1.9,0.2,0.0,AP-2
246.0,Sam Ehlinger,23.0,IND,QB,3.0,0.0,3.0,9.0,0.0,1.0,66.7,9.0,3.0,3.0,1.0,0.0,
247.0,Gerald Everett,27.0,SEA,TE,15.0,12.0,3.0,20.0,0.0,2.0,66.7,13.0,6.7,1.3,0.2,2.0,
248.0,Feleipe Franks,24.0,ATL,QB,9.0,0.0,3.0,6.0,0.0,0.0,0.0,4.0,2.0,0.7,0.3,0.0,
249.0,Reggie Gilliam,24.0,BUF,FB,16.0,5.0,3.0,3.0,0.0,0.0,0.0,2.0,1.0,0.2,0.2,0.0,
250.0,George Kittle,28.0,SFO,TE,14.0,14.0,3.0,20.0,0.0,0.0,100.0,9.0,6.7,1.4,0.2,2.0,PB
251.0,Allen Lazard,26.0,GNB,WR,15.0,13.0,3.0,32.0,0.0,2.0,100.0,14.0,10.7,2.1,0.2,0.0,
252.0,Anthony McFarland Jr.,23.0,PIT,RB,2.0,0.0,3.0,3.0,0.0,0.0,0.0,3.0,1.0,1.5,1.5,0.0,
253.0,Gabe Nabers,24.0,LAC,FB,10.0,1.0,3.0,8.0,0.0,1.0,66.7,4.0,2.7,0.8,0.3,0.0,
254.0,Adam Prentice,24.0,NOR,FB,7.0,3.0,3.0,5.0,0.0,2.0,66.7,2.0,1.7,0.7,0.4,0.0,
255.0,Hunter Renfrow,26.0,LVR,WR,17.0,9.0,3.0,3.0,0.0,0.0,33.3,5.0,1.0,0.2,0.2,5.0,PB
256.0,Andre Roberts,33.0,2TM,WR,16.0,0.0,3.0,19.0,0.0,0.0,100.0,9.0,6.3,1.2,0.2,3.0,AP-2
256.0,Andre Roberts,33.0,HOU,WR,6.0,0.0,0.0,0.0,0.0,0.0,,,,0.0,0.0,2.0,
256.0,Andre Roberts,33.0,LAC,WR,10.0,0.0,3.0,19.0,0.0,0.0,100.0,9.0,6.3,1.9,0.3,1.0,
257.0,Henry Ruggs III,22.0,LVR,WR,7.0,7.0,3.0,16.0,0.0,0.0,100.0,7.0,5.3,2.3,0.4,0.0,
258.0,JuJu Smith-Schuster,25.0,PIT,WR,5.0,5.0,3.0,9.0,1.0,1.0,33.3,3.0,3.0,1.8,0.6,0.0,
259.0,Equanimeous St. Brown,25.0,GNB,WR,13.0,2.0,3.0,14.0,0.0,2.0,66.7,13.0,4.7,1.1,0.2,0.0,
260.0,Johnny Stanton,27.0,CLE,RB,4.0,0.0,3.0,5.0,0.0,2.0,66.7,3.0,1.7,1.3,0.8,0.0,
261.0,Chris Streveler,26.0,ARI,QB,2.0,0.0,3.0,6.0,0.0,0.0,0.0,4.0,2.0,3.0,1.5,1.0,
262.0,Kadarius Toney,22.0,NYG,WR,10.0,4.0,3.0,6.0,0.0,0.0,0.0,7.0,2.0,0.6,0.3,0.0,
263.0,Tommy Tremble,21.0,CAR,TE,16.0,11.0,3.0,11.0,1.0,1.0,66.7,7.0,3.7,0.7,0.2,0.0,
264.0,Trenton Cannon,27.0,2TM,RB,12.0,0.0,3.0,4.0,0.0,0.0,33.3,3.0,1.3,0.3,0.3,1.0,
264.0,Trenton Cannon,27.0,BAL,RB,1.0,0.0,2.0,5.0,0.0,0.0,50.0,3.0,2.5,5.0,2.0,0.0,
264.0,Trenton Cannon,27.0,SFO,RB,11.0,0.0,1.0,-1.0,0.0,0.0,0.0,-1.0,-1.0,-0.1,0.1,1.0,
265.0,Kyle Allen,25.0,WAS,QB,2.0,0.0,2.0,11.0,0.0,1.0,50.0,11.0,5.5,5.5,1.0,1.0,
266.0,Cameron Batson,26.0,TEN,WR,4.0,0.0,2.0,15.0,0.0,1.0,100.0,11.0,7.5,3.8,0.5,0.0,
267.0,Odell Beckham Jr.,29.0,2TM,WR,14.0,13.0,2.0,14.0,0.0,1.0,50.0,10.0,7.0,1.0,0.1,0.0,
267.0,Odell Beckham Jr.,29.0,CLE,WR,6.0,6.0,2.0,14.0,0.0,1.0,50.0,10.0,7.0,2.3,0.3,0.0,
267.0,Odell Beckham Jr.,29.0,LAR,WR,8.0,7.0,0.0,0.0,0.0,0.0,,,,0.0,0.0,0.0,
268.0,Kurt Benkert,26.0,GNB,QB,1.0,0.0,2.0,-1.0,0.0,0.0,0.0,,-0.5,-1.0,2.0,0.0,
269.0,Tyler Boyd,27.0,CIN,WR,16.0,10.0,2.0,22.0,0.0,1.0,100.0,14.0,11.0,1.4,0.1,1.0,
270.0,Tim Boyle,27.0,DET,QB,5.0,3.0,2.0,13.0,0.0,1.0,50.0,14.0,6.5,2.6,0.4,1.0,
271.0,A.J. Brown,24.0,TEN,WR,13.0,13.0,2.0,10.0,0.0,1.0,50.0,7.0,5.0,0.8,0.2,0.0,
272.0,Brandin Cooks,28.0,HOU,WR,16.0,16.0,2.0,21.0,0.0,1.0,100.0,16.0,10.5,1.3,0.1,0.0,
273.0,Chase Daniel,35.0,LAC,QB,1.0,0.0,2.0,-2.0,0.0,0.0,0.0,-1.0,-1.0,-2.0,2.0,0.0,
274.0,Darrynton Evans,23.0,TEN,RB,1.0,0.0,2.0,7.0,0.0,0.0,0.0,5.0,3.5,7.0,2.0,0.0,
275.0,Joe Flacco,36.0,NYJ,QB,2.0,1.0,2.0,3.0,0.0,1.0,50.0,2.0,1.5,1.5,1.0,1.0,
276.0,Jake Funk,23.0,LAR,RB,10.0,0.0,2.0,5.0,0.0,0.0,50.0,6.0,2.5,0.5,0.2,0.0,
277.0,Marquise Goodwin,31.0,CHI,WR,14.0,2.0,2.0,-1.0,0.0,0.0,0.0,1.0,-0.5,-0.1,0.1,1.0,
278.0,Alec Ingold,25.0,LVR,FB,9.0,3.0,2.0,1.0,0.0,1.0,50.0,1.0,0.5,0.1,0.2,0.0,
279.0,Andy Janovich,28.0,CLE,RB,13.0,3.0,2.0,0.0,1.0,1.0,50.0,,0.0,0.0,0.2,0.0,
280.0,Van Jefferson,25.0,LAR,WR,17.0,17.0,2.0,20.0,0.0,1.0,100.0,10.0,10.0,1.2,0.1,0.0,
281.0,Jerry Jeudy,22.0,DEN,WR,10.0,5.0,2.0,3.0,0.0,0.0,0.0,3.0,1.5,0.3,0.2,1.0,
282.0,Marcus Johnson,27.0,TEN,WR,7.0,3.0,2.0,-2.0,0.0,1.0,50.0,5.0,-1.0,-0.3,0.3,0.0,
283.0,Zay Jones,26.0,LVR,WR,17.0,9.0,2.0,3.0,0.0,0.0,50.0,4.0,1.5,0.2,0.1,1.0,
284.0,Travis Kelce,32.0,KAN,TE,16.0,16.0,2.0,3.0,1.0,1.0,50.0,4.0,1.5,0.2,0.1,1.0,"PB,AP-2"
285.0,John Kelly,25.0,CLE,RB,4.0,0.0,2.0,13.0,0.0,1.0,50.0,11.0,6.5,3.3,0.5,0.0,
286.0,Dallin Leavitt,27.0,LVR,DB,16.0,1.0,2.0,6.0,0.0,2.0,100.0,4.0,3.0,0.4,0.1,0.0,
287.0,Tyler Lockett,29.0,SEA,WR,16.0,16.0,2.0,9.0,0.0,0.0,50.0,7.0,4.5,0.6,0.1,0.0,
288.0,Sean Mannion,29.0,MIN,QB,1.0,1.0,2.0,14.0,0.0,2.0,100.0,11.0,7.0,14.0,2.0,0.0,
289.0,Ray-Ray McCloud,25.0,PIT,WR,16.0,5.0,2.0,15.0,0.0,0.0,100.0,10.0,7.5,0.9,0.1,4.0,
290.0,Scott Miller,24.0,TAM,WR,9.0,0.0,2.0,43.0,1.0,2.0,100.0,33.0,21.5,4.8,0.2,0.0,
291.0,Raheem Mostert,29.0,SFO,RB,1.0,1.0,2.0,20.0,0.0,1.0,100.0,11.0,10.0,20.0,2.0,0.0,
292.0,Zach Pascal,27.0,IND,WR,16.0,13.0,2.0,21.0,0.0,0.0,100.0,12.0,10.5,1.3,0.1,1.0,
293.0,Jacques Patrick,24.0,SFO,RB,2.0,0.0,2.0,12.0,0.0,1.0,100.0,8.0,6.0,6.0,1.0,0.0,
294.0,Nathan Peterman,27.0,LVR,QB,1.0,0.0,2.0,2.0,0.0,1.0,50.0,1.0,1.0,2.0,2.0,0.0,
295.0,Patrick Ricard,27.0,BAL,FB,13.0,11.0,2.0,4.0,0.0,2.0,100.0,2.0,2.0,0.3,0.2,0.0,PB
296.0,Emmanuel Sanders,34.0,BUF,WR,14.0,13.0,2.0,31.0,0.0,2.0,100.0,24.0,15.5,2.2,0.1,0.0,
297.0,Durham Smythe,26.0,MIA,TE,17.0,12.0,2.0,3.0,0.0,2.0,100.0,2.0,1.5,0.2,0.1,0.0,
298.0,Jaylen Waddle,23.0,MIA,WR,16.0,16.0,2.0,3.0,1.0,1.0,50.0,2.0,1.5,0.2,0.1,2.0,
299.0,James Washington,25.0,PIT,WR,15.0,2.0,2.0,13.0,0.0,0.0,50.0,12.0,6.5,0.9,0.1,0.0,
300.0,Davis Webb,26.0,BUF,QB,1.0,0.0,2.0,-3.0,0.0,0.0,0.0,-1.0,-1.5,-3.0,2.0,0.0,
301.0,Cedrick Wilson Jr.,26.0,DAL,WR,16.0,4.0,2.0,11.0,0.0,1.0,50.0,6.0,5.5,0.7,0.1,3.0,
302.0,John Wolford,26.0,LAR,QB,3.0,0.0,2.0,-1.0,0.0,0.0,0.0,,-0.5,-0.3,0.7,0.0,
303.0,Jordan Akins,29.0,HOU,TE,13.0,3.0,1.0,3.0,0.0,1.0,100.0,3.0,3.0,0.2,0.1,2.0,
304.0,Mark Andrews,26.0,BAL,TE,17.0,9.0,1.0,0.0,0.0,0.0,0.0,,0.0,0.0,0.1,1.0,"PB,AP-1"
305.0,Alex Bachman,25.0,NYG,WR,3.0,0.0,1.0,-3.0,0.0,0.0,0.0,-3.0,-3.0,-1.0,0.3,0.0,
306.0,C.J. Beathard,28.0,JAX,QB,2.0,0.0,1.0,2.0,0.0,0.0,0.0,2.0,2.0,1.0,0.5,0.0,
307.0,David Blough,26.0,DET,QB,1.0,0.0,1.0,6.0,0.0,0.0,100.0,6.0,6.0,6.0,1.0,1.0,
308.0,C.J. Board,28.0,NYG,WR,6.0,1.0,1.0,6.0,0.0,0.0,100.0,6.0,6.0,1.0,0.2,0.0,
309.0,Reggie Bonnafon,25.0,CAR,RB,4.0,0.0,1.0,4.0,0.0,0.0,100.0,4.0,4.0,1.0,0.3,0.0,
310.0,Gary Brightwell,22.0,NYG,RB,13.0,0.0,1.0,4.0,0.0,0.0,100.0,4.0,4.0,0.3,0.1,0.0,
311.0,Antonio Brown,33.0,TAM,WR,7.0,3.0,1.0,6.0,0.0,0.0,100.0,6.0,6.0,0.9,0.1,0.0,
312.0,Dyami Brown,22.0,WAS,WR,15.0,6.0,1.0,-4.0,0.0,0.0,0.0,-4.0,-4.0,-0.3,0.1,0.0,
313.0,Marquise Brown,24.0,BAL,WR,16.0,16.0,1.0,5.0,0.0,1.0,100.0,5.0,5.0,0.3,0.1,3.0,
314.0,Sean Chandler,25.0,CAR,SS,15.0,7.0,1.0,14.0,0.0,1.0,100.0,14.0,14.0,0.9,0.1,0.0,
315.0,Randall Cobb,31.0,GNB,WR,12.0,3.0,1.0,1.0,0.0,0.0,0.0,1.0,1.0,0.1,0.1,1.0,
316.0,Chris Conley,29.0,HOU,WR,16.0,10.0,1.0,3.0,0.0,1.0,100.0,3.0,3.0,0.2,0.1,1.0,
317.0,Pharoh Cooper,26.0,NYG,WR,8.0,0.0,1.0,3.0,0.0,0.0,0.0,3.0,3.0,0.4,0.1,0.0,
318.0,Nathan Cottrell,25.0,JAX,RB,4.0,0.0,1.0,3.0,0.0,0.0,0.0,3.0,3.0,0.8,0.3,0.0,
319.0,Jaelon Darden,22.0,TAM,WR,9.0,0.0,1.0,11.0,0.0,1.0,100.0,11.0,11.0,1.2,0.1,0.0,
320.0,Phillip Dorsett,28.0,3TM,WR,6.0,0.0,1.0,0.0,0.0,0.0,0.0,,0.0,0.0,0.2,0.0,
320.0,Phillip Dorsett,28.0,JAX,WR,1.0,0.0,0.0,0.0,0.0,0.0,,,,0.0,0.0,0.0,
320.0,Phillip Dorsett,28.0,SEA,WR,2.0,0.0,0.0,0.0,0.0,0.0,,,,0.0,0.0,0.0,
320.0,Phillip Dorsett,28.0,HOU,WR,3.0,0.0,1.0,0.0,0.0,0.0,0.0,,0.0,0.0,0.3,0.0,
321.0,Greg Dortch,23.0,ARI,WR,5.0,2.0,1.0,24.0,0.0,1.0,100.0,24.0,24.0,4.8,0.2,0.0,
322.0,Eric Ebron,28.0,PIT,TE,8.0,3.0,1.0,1.0,1.0,1.0,100.0,1.0,1.0,0.1,0.1,0.0,
323.0,Bryan Edwards,23.0,LVR,WR,16.0,12.0,1.0,0.0,0.0,0.0,0.0,,0.0,0.0,0.1,1.0,
324.0,Evan Engram,27.0,NYG,TE,15.0,12.0,1.0,-3.0,0.0,0.0,0.0,-3.0,-3.0,-0.2,0.1,1.0,
325.0,Zach Ertz,31.0,2TM,TE,17.0,14.0,1.0,4.0,0.0,0.0,100.0,4.0,4.0,0.2,0.1,0.0,
325.0,Zach Ertz,31.0,PHI,TE,6.0,3.0,0.0,0.0,0.0,0.0,,,,0.0,0.0,0.0,
325.0,Zach Ertz,31.0,ARI,TE,11.0,11.0,1.0,4.0,0.0,0.0,100.0,4.0,4.0,0.4,0.1,0.0,
326.0,Mike Evans,28.0,TAM,WR,16.0,16.0,1.0,10.0,0.0,1.0,100.0,10.0,10.0,0.6,0.1,0.0,PB
327.0,Clayton Fejedelem,28.0,MIA,DB,17.0,0.0,1.0,0.0,0.0,0.0,0.0,,0.0,0.0,0.1,1.0,
328.0,Maurice Ffrench,23.0,LAC,WR,3.0,0.0,1.0,3.0,0.0,0.0,0.0,3.0,3.0,1.0,0.3,0.0,
329.0,Ryan Fitzpatrick,39.0,WAS,QB,1.0,1.0,1.0,2.0,0.0,0.0,0.0,2.0,2.0,2.0,1.0,1.0,
330.0,Jamie Gillan,24.0,CLE,P,12.0,0.0,1.0,0.0,0.0,0.0,0.0,,0.0,0.0,0.1,1.0,
331.0,Cyril Grayson,28.0,TAM,WR,5.0,3.0,1.0,14.0,0.0,1.0,100.0,14.0,14.0,2.8,0.2,0.0,
332.0,Johnny Hekker,31.0,LAR,P,17.0,0.0,1.0,0.0,0.0,0.0,0.0,,0.0,0.0,0.1,1.0,
333.0,DeSean Jackson,35.0,2TM,WR,16.0,4.0,1.0,4.0,0.0,0.0,100.0,4.0,4.0,0.3,0.1,1.0,
333.0,DeSean Jackson,35.0,LAR,WR,7.0,0.0,0.0,0.0,0.0,0.0,,,,0.0,0.0,0.0,
333.0,DeSean Jackson,35.0,LVR,WR,9.0,4.0,1.0,4.0,0.0,0.0,100.0,4.0,4.0,0.4,0.1,1.0,
334.0,Christian Kirk,25.0,ARI,WR,17.0,11.0,1.0,11.0,0.0,1.0,100.0,11.0,11.0,0.6,0.1,0.0,
335.0,Cole Kmet,22.0,CHI,TE,17.0,17.0,1.0,0.0,0.0,0.0,0.0,,0.0,0.0,0.1,0.0,
336.0,Patrick Laird,26.0,MIA,RB,6.0,0.0,1.0,4.0,0.0,0.0,100.0,4.0,4.0,0.7,0.2,0.0,
337.0,Andy Lee,39.0,ARI,P,16.0,0.0,1.0,0.0,0.0,0.0,0.0,,0.0,0.0,0.1,3.0,
338.0,Braden Mann,24.0,NYJ,P,10.0,0.0,1.0,4.0,0.0,0.0,0.0,4.0,4.0,0.4,0.1,0.0,
339.0,Nate McCrary,22.0,BAL,RB,1.0,0.0,1.0,-1.0,0.0,0.0,0.0,-1.0,-1.0,-1.0,1.0,0.0,
340.0,Terry McLaurin,26.0,WAS,WR,17.0,17.0,1.0,12.0,0.0,1.0,100.0,12.0,12.0,0.7,0.1,0.0,
341.0,D.K. Metcalf,24.0,SEA,WR,17.0,17.0,1.0,6.0,0.0,0.0,100.0,6.0,6.0,0.4,0.1,1.0,
342.0,Jakobi Meyers,25.0,NWE,WR,17.0,16.0,1.0,9.0,0.0,0.0,100.0,9.0,9.0,0.5,0.1,1.0,
343.0,Dax Milne,22.0,WAS,WR,13.0,1.0,1.0,1.0,0.0,0.0,0.0,1.0,1.0,0.1,0.1,1.0,
344.0,C.J. Moore,26.0,DET,DB,17.0,1.0,1.0,28.0,0.0,1.0,100.0,28.0,28.0,1.6,0.1,0.0,
345.0,Stanley Morgan Jr.,25.0,CIN,WR,17.0,1.0,1.0,3.0,0.0,0.0,100.0,3.0,3.0,0.2,0.1,0.0,
346.0,Ryan Nall,26.0,CHI,RB,9.0,0.0,1.0,4.0,0.0,0.0,100.0,4.0,4.0,0.4,0.1,0.0,
347.0,David Njoku,25.0,CLE,TE,16.0,11.0,1.0,1.0,0.0,0.0,0.0,1.0,1.0,0.1,0.1,0.0,
348.0,Gunner Olszewski,25.0,NWE,WR,16.0,0.0,1.0,9.0,0.0,0.0,100.0,9.0,9.0,0.6,0.1,3.0,
349.0,K.J. Osborn,24.0,MIN,WR,17.0,9.0,1.0,10.0,0.0,1.0,100.0,10.0,10.0,0.6,0.1,0.0,
350.0,Devine Ozigbo,25.0,NOR,RB,2.0,0.0,1.0,-3.0,0.0,0.0,0.0,-3.0,-3.0,-1.5,0.5,0.0,
351.0,Michael Palardy,29.0,MIA,P,17.0,0.0,1.0,1.0,0.0,0.0,0.0,1.0,1.0,0.1,0.1,0.0,
352.0,Josh Palmer,22.0,LAC,WR,17.0,5.0,1.0,6.0,0.0,0.0,100.0,6.0,6.0,0.4,0.1,0.0,
353.0,Breshad Perriman,28.0,TAM,WR,6.0,0.0,1.0,-3.0,0.0,0.0,0.0,-3.0,-3.0,-0.5,0.2,0.0,
354.0,Trey Ragas,25.0,LVR,RB,1.0,0.0,1.0,9.0,0.0,1.0,100.0,9.0,9.0,9.0,1.0,0.0,
355.0,Amari Rodgers,22.0,GNB,WR,16.0,1.0,1.0,11.0,0.0,1.0,100.0,11.0,11.0,0.7,0.1,2.0,
356.0,Chester Rogers,27.0,TEN,WR,16.0,2.0,1.0,9.0,0.0,0.0,100.0,9.0,9.0,0.6,0.1,4.0,
357.0,John Ross,26.0,NYG,WR,10.0,1.0,1.0,16.0,0.0,1.0,100.0,16.0,16.0,1.6,0.1,1.0,
358.0,Sterling Shepard,28.0,NYG,WR,7.0,6.0,1.0,-9.0,0.0,0.0,0.0,-9.0,-9.0,-1.3,0.1,0.0,
359.0,Cam Sims,25.0,WAS,WR,14.0,3.0,1.0,7.0,0.0,0.0,100.0,7.0,7.0,0.5,0.1,0.0,
360.0,Darius Slayton,24.0,NYG,WR,13.0,5.0,1.0,-13.0,0.0,0.0,0.0,-13.0,-13.0,-1.0,0.1,1.0,
361.0,Ito Smith,26.0,DAL,RB,1.0,0.0,1.0,4.0,1.0,1.0,100.0,4.0,4.0,4.0,1.0,0.0,
362.0,Jeff Smith,24.0,NYJ,WR,12.0,3.0,1.0,-1.0,0.0,0.0,0.0,-1.0,-1.0,-0.1,0.1,0.0,
363.0,Shi Smith,23.0,CAR,WR,6.0,0.0,1.0,-3.0,0.0,0.0,0.0,-3.0,-3.0,-0.5,0.2,0.0,
364.0,Tremon Smith,25.0,HOU,DB,17.0,2.0,1.0,7.0,0.0,0.0,100.0,7.0,7.0,0.4,0.1,0.0,
365.0,Kenny Stills,29.0,NOR,WR,13.0,4.0,1.0,1.0,0.0,0.0,0.0,1.0,1.0,0.1,0.1,0.0,
366.0,Adam Thielen,31.0,MIN,WR,13.0,13.0,1.0,2.0,0.0,0.0,0.0,2.0,2.0,0.2,0.1,1.0,
367.0,Quez Watkins,23.0,PHI,WR,17.0,12.0,1.0,3.0,0.0,0.0,0.0,3.0,3.0,0.2,0.1,0.0,
368.0,Derek Watt,29.0,PIT,FB,17.0,4.0,1.0,1.0,0.0,1.0,100.0,1.0,1.0,0.1,0.1,0.0,
369.0,Preston Williams,24.0,MIA,WR,8.0,3.0,1.0,7.0,0.0,0.0,100.0,7.0,7.0,0.9,0.1,0.0,
370.0,Andrew Wingard,25.0,JAX,SS,15.0,15.0,1.0,4.0,0.0,1.0,100.0,4.0,4.0,0.3,0.1,0.0,
371.0,Olamide Zaccheaus,24.0,ATL,WR,17.0,8.0,1.0,2.0,0.0,1.0,100.0,2.0,2.0,0.1,0.1,0.0,
372.0,Davante Adams,29.0,GNB,WR,16.0,16.0,0.0,0.0,0.0,0.0,,,,0.0,0.0,0.0,"PB,AP-1"
373.0,Rodney Adams,27.0,CHI,WR,1.0,0.0,0.0,0.0,0.0,0.0,,,,0.0,0.0,0.0,
374.0,Mo Alie-Cox,28.0,IND,TE,17.0,7.0,0.0,0.0,0.0,0.0,,,,0.0,0.0,1.0,
375.0,Keenan Allen,29.0,LAC,WR,16.0,16.0,0.0,0.0,0.0,0.0,,,,0.0,0.0,1.0,PB
376.0,Geronimo Allison,27.0,DET,WR,3.0,1.0,0.0,0.0,0.0,0.0,,,,0.0,0.0,0.0,
377.0,Danny Amendola,36.0,HOU,WR,8.0,0.0,0.0,0.0,0.0,0.0,,,,0.0,0.0,1.0,
378.0,Stephen Anderson,28.0,LAC,TE,17.0,4.0,0.0,0.0,0.0,0.0,,,,0.0,0.0,0.0,
379.0,JJ Arcega-Whiteside,24.0,PHI,WR,16.0,2.0,0.0,0.0,0.0,0.0,,,,0.0,0.0,0.0,
380.0,Dan Arnold,26.0,2TM,WR,11.0,4.0,0.0,0.0,0.0,0.0,,,,0.0,0.0,1.0,
380.0,Dan Arnold,26.0,CAR,WR,3.0,1.0,0.0,0.0,0.0,0.0,,,,0.0,0.0,0.0,
380.0,Dan Arnold,26.0,JAX,WR,8.0,3.0,0.0,0.0,0.0,0.0,,,,0.0,0.0,1.0,
381.0,Antony Auclair,28.0,HOU,TE,16.0,13.0,0.0,0.0,0.0,0.0,,,,0.0,0.0,0.0,
382.0,Rashod Bateman,22.0,BAL,WR,12.0,4.0,0.0,0.0,0.0,0.0,,,,0.0,0.0,0.0,
383.0,John Bates,24.0,WAS,TE,17.0,8.0,0.0,0.0,0.0,0.0,,,,0.0,0.0,1.0,
384.0,Nick Bawden,25.0,NYJ,RB,9.0,1.0,0.0,0.0,0.0,0.0,,,,0.0,0.0,0.0,
385.0,Cole Beasley,32.0,BUF,WR,16.0,8.0,0.0,0.0,0.0,0.0,,,,0.0,0.0,1.0,
386.0,Nick Bellore,32.0,SEA,LB,17.0,0.0,0.0,0.0,0.0,0.0,,,,0.0,0.0,0.0,
387.0,Travis Benjamin,32.0,SFO,WR,10.0,0.0,0.0,0.0,0.0,0.0,,,,0.0,0.0,1.0,
388.0,Trinity Benson,24.0,DET,WR,8.0,2.0,0.0,0.0,0.0,0.0,,,,0.0,0.0,0.0,
389.0,Tarik Black,23.0,NYJ,WR,1.0,0.0,0.0,0.0,0.0,0.0,,,,0.0,0.0,0.0,
390.0,Christian Blake,25.0,ATL,WR,16.0,0.0,0.0,0.0,0.0,0.0,,,,0.0,0.0,0.0,
391.0,Kendall Blanton,26.0,LAR,TE,11.0,2.0,0.0,0.0,0.0,0.0,,,,0.0,0.0,1.0,
392.0,Miles Boykin,25.0,BAL,WR,8.0,0.0,0.0,0.0,0.0,0.0,,,,0.0,0.0,0.0,
393.0,Nick Boyle,28.0,BAL,TE,5.0,3.0,0.0,0.0,0.0,0.0,,,,0.0,0.0,0.0,
394.0,Garrett Bradbury,26.0,MIN,C,13.0,13.0,0.0,0.0,0.0,0.0,,,,0.0,0.0,0.0,
395.0,Ja'Marcus Bradley,25.0,CLE,WR,5.0,0.0,0.0,0.0,0.0,0.0,,,,0.0,0.0,0.0,
396.0,Darius Bradwell,24.0,LAC,FB,2.0,0.0,0.0,0.0,0.0,0.0,,,,0.0,0.0,0.0,
397.0,Cameron Brate,30.0,TAM,TE,17.0,3.0,0.0,0.0,0.0,0.0,,,,0.0,0.0,0.0,
398.0,Daniel Brown,29.0,NYJ,WR,12.0,0.0,0.0,0.0,0.0,0.0,,,,0.0,0.0,0.0,
399.0,John Brown,31.0,2TM,WR,4.0,0.0,0.0,0.0,0.0,0.0,,,,0.0,0.0,0.0,
399.0,John Brown,31.0,DEN,WR,2.0,0.0,0.0,0.0,0.0,0.0,,,,0.0,0.0,0.0,
399.0,John Brown,31.0,JAX,WR,2.0,0.0,0.0,0.0,0.0,0.0,,,,0.0,0.0,0.0,
400.0,Noah Brown,25.0,DAL,WR,13.0,1.0,0.0,0.0,0.0,0.0,,,,0.0,0.0,0.0,
401.0,Pharaoh Brown,27.0,HOU,TE,15.0,12.0,0.0,0.0,0.0,0.0,,,,0.0,0.0,1.0,
402.0,Harrison Bryant,23.0,CLE,TE,16.0,3.0,0.0,0.0,0.0,0.0,,,,0.0,0.0,0.0,
403.0,Damiere Byrd,28.0,CHI,WR,17.0,4.0,0.0,0.0,0.0,0.0,,,,0.0,0.0,1.0,
404.0,Marquez Callaway,23.0,NOR,WR,17.0,11.0,0.0,0.0,0.0,0.0,,,,0.0,0.0,0.0,
405.0,Parris Campbell,24.0,IND,WR,6.0,3.0,0.0,0.0,0.0,0.0,,,,0.0,0.0,0.0,
406.0,Tevaughn Campbell,28.0,LAC,RCB,16.0,7.0,0.0,0.0,0.0,0.0,,,,0.0,0.0,0.0,
407.0,Derek Carrier,31.0,LVR,TE,5.0,1.0,0.0,0.0,0.0,0.0,,,,0.0,0.0,0.0,
408.0,Cethan Carter,26.0,MIA,TE,16.0,1.0,0.0,0.0,0.0,0.0,,,,0.0,0.0,0.0,
409.0,Quintez Cephus,23.0,DET,WR,5.0,3.0,0.0,0.0,0.0,0.0,,,,0.0,0.0,0.0,
410.0,DJ Chark,25.0,JAX,WR,4.0,4.0,0.0,0.0,0.0,0.0,,,,0.0,0.0,0.0,
411.0,Tyrie Cleveland,24.0,DEN,WR,7.0,0.0,0.0,0.0,0.0,0.0,,,,0.0,0.0,0.0,
412.0,Keelan Cole,28.0,NYJ,WR,15.0,11.0,0.0,0.0,0.0,0.0,,,,0.0,0.0,0.0,
413.0,Nico Collins,22.0,HOU,WR,14.0,8.0,0.0,0.0,0.0,0.0,,,,0.0,0.0,0.0,
414.0,Tyler Conklin,26.0,MIN,TE,17.0,15.0,0.0,0.0,0.0,0.0,,,,0.0,0.0,1.0,
415.0,Jared Cook,34.0,LAC,TE,16.0,10.0,0.0,0.0,0.0,0.0,,,,0.0,0.0,0.0,
416.0,Amari Cooper,27.0,DAL,WR,15.0,14.0,0.0,0.0,0.0,0.0,,,,0.0,0.0,1.0,
417.0,Isaiah Coulter,23.0,CHI,WR,3.0,0.0,0.0,0.0,0.0,0.0,,,,0.0,0.0,0.0,
418.0,Keke Coutee,24.0,IND,WR,2.0,0.0,0.0,0.0,0.0,0.0,,,,0.0,0.0,0.0,
419.0,Keion Crossen,25.0,NYG,DB,16.0,0.0,0.0,0.0,0.0,0.0,,,,0.0,0.0,0.0,
420.0,Jamison Crowder,28.0,NYJ,WR,12.0,4.0,0.0,0.0,0.0,0.0,,,,0.0,0.0,1.0,
421.0,Dominique Dafney,24.0,GNB,TE,10.0,2.0,0.0,0.0,0.0,0.0,,,,0.0,0.0,0.0,
422.0,Darrell Daniels,27.0,ARI,TE,15.0,4.0,0.0,0.0,0.0,0.0,,,,0.0,0.0,0.0,
423.0,Frank Darby,24.0,ATL,WR,10.0,0.0,0.0,0.0,0.0,0.0,,,,0.0,0.0,0.0,
424.0,Corey Davis,26.0,NYJ,WR,9.0,9.0,0.0,0.0,0.0,0.0,,,,0.0,0.0,2.0,
425.0,Davion Davis,25.0,HOU,WR,2.0,1.0,0.0,0.0,0.0,0.0,,,,0.0,0.0,0.0,
426.0,Gabriel Davis,22.0,BUF,WR,16.0,4.0,0.0,0.0,0.0,0.0,,,,0.0,0.0,0.0,
427.0,Tyler Davis,24.0,GNB,TE,14.0,0.0,0.0,0.0,0.0,0.0,,,,0.0,0.0,0.0,
428.0,Dion Dawkins,27.0,BUF,LT,16.0,15.0,0.0,0.0,0.0,0.0,,,,0.0,0.0,0.0,PB
429.0,Taylor Decker,28.0,DET,LT,9.0,9.0,0.0,0.0,0.0,0.0,,,,0.0,0.0,0.0,
430.0,Josiah Deguara,24.0,GNB,TE,16.0,2.0,0.0,0.0,0.0,0.0,,,,0.0,0.0,0.0,
431.0,Stefon Diggs,28.0,BUF,WR,17.0,17.0,0.0,0.0,0.0,0.0,,,,0.0,0.0,1.0,PB
432.0,Will Dissly,25.0,SEA,TE,15.0,14.0,0.0,0.0,0.0,0.0,,,,0.0,0.0,1.0,
433.0,Jack Doyle,31.0,IND,TE,17.0,14.0,0.0,0.0,0.0,0.0,,,,0.0,0.0,0.0,
434.0,Ross Dwelley,26.0,SFO,TE,17.0,2.0,0.0,0.0,0.0,0.0,,,,0.0,0.0,0.0,
435.0,Ben Ellefson,25.0,MIN,TE,5.0,0.0,0.0,0.0,0.0,0.0,,,,0.0,0.0,0.0,
436.0,Alex Erickson,29.0,CAR,WR,17.0,0.0,0.0,0.0,0.0,0.0,,,,0.0,0.0,0.0,
437.0,Noah Fant,24.0,DEN,TE,16.0,16.0,0.0,0.0,0.0,0.0,,,,0.0,0.0,0.0,
438.0,Luke Farrell,24.0,JAX,TE,15.0,4.0,0.0,0.0,0.0,0.0,,,,0.0,0.0,1.0,
439.0,Darren Fells,35.0,DET,TE,7.0,5.0,0.0,0.0,0.0,0.0,,,,0.0,0.0,0.0,
440.0,Anthony Firkser,26.0,TEN,FB,15.0,1.0,0.0,0.0,0.0,0.0,,,,0.0,0.0,2.0,
441.0,Dez Fitzpatrick,24.0,TEN,WR,4.0,0.0,0.0,0.0,0.0,0.0,,,,0.0,0.0,0.0,
442.0,Isaiah Ford,25.0,MIA,WR,13.0,2.0,0.0,0.0,0.0,0.0,,,,0.0,0.0,0.0,
443.0,Jody Fortson,26.0,KAN,TE,6.0,0.0,0.0,0.0,0.0,0.0,,,,0.0,0.0,0.0,
444.0,Pat Freiermuth,23.0,PIT,TE,16.0,9.0,0.0,0.0,0.0,0.0,,,,0.0,0.0,1.0,
445.0,Will Fuller,27.0,MIA,WR,2.0,0.0,0.0,0.0,0.0,0.0,,,,0.0,0.0,0.0,
446.0,Russell Gage,25.0,ATL,WR,14.0,9.0,0.0,0.0,0.0,0.0,,,,0.0,0.0,2.0,
447.0,Michael Gallup,25.0,DAL,WR,9.0,8.0,0.0,0.0,0.0,0.0,,,,0.0,0.0,0.0,
448.0,Zach Gentry,25.0,PIT,TE,17.0,12.0,0.0,0.0,0.0,0.0,,,,0.0,0.0,0.0,
449.0,Mike Gesicki,26.0,MIA,TE,17.0,9.0,0.0,0.0,0.0,0.0,,,,0.0,0.0,0.0,
450.0,Dallas Goedert,26.0,PHI,TE,15.0,14.0,0.0,0.0,0.0,0.0,,,,0.0,0.0,1.0,
451.0,Kenny Golladay,28.0,NYG,WR,14.0,14.0,0.0,0.0,0.0,0.0,,,,0.0,0.0,0.0,
452.0,Josh Gordon,30.0,KAN,WR,12.0,7.0,0.0,0.0,0.0,0.0,,,,0.0,0.0,0.0,
453.0,Jimmy Graham,35.0,CHI,TE,15.0,6.0,0.0,0.0,0.0,0.0,,,,0.0,0.0,0.0,
454.0,Kylen Granson,23.0,IND,TE,17.0,0.0,0.0,0.0,0.0,0.0,,,,0.0,0.0,0.0,
455.0,Noah Gray,22.0,KAN,TE,16.0,1.0,0.0,0.0,0.0,0.0,,,,0.0,0.0,0.0,
456.0,A.J. Green,33.0,ARI,WR,16.0,9.0,0.0,0.0,0.0,0.0,,,,0.0,0.0,0.0,
457.0,Garrett Griffin,27.0,NOR,TE,13.0,6.0,0.0,0.0,0.0,0.0,,,,0.0,0.0,1.0,
458.0,Ryan Griffin,31.0,NYJ,TE,14.0,12.0,0.0,0.0,0.0,0.0,,,,0.0,0.0,1.0,
459.0,Rob Gronkowski,32.0,TAM,TE,12.0,12.0,0.0,0.0,0.0,0.0,,,,0.0,0.0,0.0,
460.0,Marvin Hall,28.0,ATL,WR,2.0,0.0,0.0,0.0,0.0,0.0,,,,0.0,0.0,0.0,
461.0,KJ Hamler,22.0,DEN,WR,3.0,2.0,0.0,0.0,0.0,0.0,,,,0.0,0.0,0.0,
462.0,Demetrius Harris,30.0,ARI,TE,14.0,4.0,0.0,0.0,0.0,0.0,,,,0.0,0.0,0.0,
463.0,N'Keal Harry,24.0,NWE,WR,12.0,4.0,0.0,0.0,0.0,0.0,,,,0.0,0.0,1.0,
464.0,Penny Hart,25.0,SEA,WR,17.0,0.0,0.0,0.0,0.0,0.0,,,,0.0,0.0,0.0,
465.0,Daniel Helm,26.0,LVR,TE,9.0,1.0,0.0,0.0,0.0,0.0,,,,0.0,0.0,0.0,
466.0,Hunter Henry,27.0,NWE,TE,17.0,10.0,0.0,0.0,0.0,0.0,,,,0.0,0.0,0.0,
467.0,Chris Herndon,25.0,MIN,FB,16.0,5.0,0.0,0.0,0.0,0.0,,,,0.0,0.0,0.0,
468.0,Parker Hesse,26.0,ATL,DE,8.0,1.0,0.0,0.0,0.0,0.0,,,,0.0,0.0,0.0,
469.0,Tyler Higbee,28.0,LAR,TE,15.0,15.0,0.0,0.0,0.0,0.0,,,,0.0,0.0,1.0,
470.0,Rashard Higgins,27.0,CLE,WR,15.0,4.0,0.0,0.0,0.0,0.0,,,,0.0,0.0,0.0,
471.0,Tee Higgins,22.0,CIN,WR,14.0,14.0,0.0,0.0,0.0,0.0,,,,0.0,0.0,1.0,
472.0,K.J. Hill,24.0,LAC,CB,6.0,0.0,0.0,0.0,0.0,0.0,,,,0.0,0.0,0.0,
473.0,T.Y. Hilton,32.0,IND,WR,10.0,9.0,0.0,0.0,0.0,0.0,,,,0.0,0.0,0.0,
474.0,Kendall Hinton,24.0,DEN,WR,16.0,1.0,0.0,0.0,0.0,0.0,,,,0.0,0.0,0.0,
475.0,T.J. Hockenson,24.0,DET,TE,12.0,12.0,0.0,0.0,0.0,0.0,,,,0.0,0.0,0.0,
476.0,KhaDarel Hodge,26.0,DET,WR,16.0,1.0,0.0,0.0,0.0,0.0,,,,0.0,0.0,0.0,
477.0,Chris Hogan,34.0,NOR,WR,5.0,1.0,0.0,0.0,0.0,0.0,,,,0.0,0.0,0.0,
478.0,Mack Hollins,28.0,MIA,WR,17.0,3.0,0.0,0.0,0.0,0.0,,,,0.0,0.0,0.0,
479.0,Cody Hollister,28.0,TEN,WR,3.0,1.0,0.0,0.0,0.0,0.0,,,,0.0,0.0,0.0,
480.0,Jacob Hollister,28.0,JAX,TE,7.0,2.0,0.0,0.0,0.0,0.0,,,,0.0,0.0,0.0,
481.0,Amani Hooker,23.0,TEN,FS,12.0,12.0,0.0,0.0,0.0,0.0,,,,0.0,0.0,0.0,
482.0,Austin Hooper,27.0,CLE,TE,16.0,16.0,0.0,0.0,0.0,0.0,,,,0.0,0.0,0.0,
483.0,Brycen Hopkins,24.0,LAR,TE,5.0,0.0,0.0,0.0,0.0,0.0,,,,0.0,0.0,0.0,
484.0,DeAndre Hopkins,29.0,ARI,WR,10.0,10.0,0.0,0.0,0.0,0.0,,,,0.0,0.0,0.0,
485.0,Jesper Horsted,24.0,CHI,WR,7.0,0.0,0.0,0.0,0.0,0.0,,,,0.0,0.0,0.0,
486.0,O.J. Howard,27.0,TAM,TE,17.0,9.0,0.0,0.0,0.0,0.0,,,,0.0,0.0,0.0,
487.0,Tommy Hudson,24.0,TEN,TE,5.0,0.0,0.0,0.0,0.0,0.0,,,,0.0,0.0,0.0,
488.0,Lil'Jordan Humphrey,23.0,NOR,WR,10.0,4.0,0.0,0.0,0.0,0.0,,,,0.0,0.0,0.0,
489.0,Adam Humphries,28.0,WAS,WR,17.0,11.0,0.0,0.0,0.0,0.0,,,,0.0,0.0,0.0,
490.0,Hayden Hurst,28.0,ATL,TE,13.0,5.0,0.0,0.0,0.0,0.0,,,,0.0,0.0,3.0,
491.0,Trenton Irwin,26.0,CIN,WR,7.0,0.0,0.0,0.0,0.0,0.0,,,,0.0,0.0,0.0,
492.0,Andy Isabella,25.0,ARI,WR,8.0,0.0,0.0,0.0,0.0,0.0,,,,0.0,0.0,0.0,
493.0,Tyree Jackson,24.0,PHI,TE,9.0,3.0,0.0,0.0,0.0,0.0,,,,0.0,0.0,0.0,
494.0,Jesse James,27.0,CHI,TE,14.0,9.0,0.0,0.0,0.0,0.0,,,,0.0,0.0,0.0,
495.0,Blake Jarwin,27.0,DAL,TE,8.0,5.0,0.0,0.0,0.0,0.0,,,,0.0,0.0,0.0,
496.0,Jauan Jennings,24.0,SFO,WR,16.0,1.0,0.0,0.0,0.0,0.0,,,,0.0,0.0,1.0,
497.0,Collin Johnson,24.0,NYG,WR,12.0,1.0,0.0,0.0,0.0,0.0,,,,0.0,0.0,0.0,
498.0,Jakob Johnson,27.0,NWE,FB,17.0,6.0,0.0,0.0,0.0,0.0,,,,0.0,0.0,0.0,
499.0,Juwan Johnson,25.0,NOR,WR,14.0,2.0,0.0,0.0,0.0,0.0,,,,0.0,0.0,0.0,
500.0,Lane Johnson,31.0,PHI,RT,13.0,13.0,0.0,0.0,0.0,0.0,,,,0.0,0.0,0.0,AP-2
501.0,Tyler Johnson,23.0,TAM,WR,17.0,3.0,0.0,0.0,0.0,0.0,,,,0.0,0.0,0.0,
502.0,Tyron Johnson,25.0,JAX,WR,5.0,0.0,0.0,0.0,0.0,0.0,,,,0.0,0.0,0.0,
503.0,Julio Jones,32.0,TEN,WR,10.0,10.0,0.0,0.0,0.0,0.0,,,,0.0,0.0,0.0,
504.0,Marvin Jones,31.0,JAX,WR,17.0,16.0,0.0,0.0,0.0,0.0,,,,0.0,0.0,0.0,
505.0,Brevin Jordan,21.0,HOU,TE,9.0,2.0,0.0,0.0,0.0,0.0,,,,0.0,0.0,0.0,
506.0,Marcus Kemp,26.0,KAN,WR,16.0,0.0,0.0,0.0,0.0,0.0,,,,0.0,0.0,0.0,
507.0,Tom Kennedy,25.0,DET,WR,12.0,0.0,0.0,0.0,0.0,0.0,,,,0.0,0.0,0.0,
508.0,Keith Kirkwood,27.0,CAR,WR,3.0,0.0,0.0,0.0,0.0,0.0,,,,0.0,0.0,0.0,
509.0,Dawson Knox,25.0,BUF,TE,15.0,14.0,0.0,4.0,0.0,0.0,,,,0.3,0.0,0.0,
510.0,Tyler Kroft,29.0,NYJ,TE,9.0,6.0,0.0,0.0,0.0,0.0,,,,0.0,0.0,0.0,
511.0,Jake Kumerow,29.0,BUF,WR,15.0,2.0,0.0,0.0,0.0,0.0,,,,0.0,0.0,0.0,
512.0,Marcedes Lewis,37.0,GNB,TE,17.0,17.0,0.0,0.0,0.0,0.0,,,,0.0,0.0,1.0,
513.0,Tommylee Lewis,29.0,MIA,WR,2.0,0.0,0.0,0.0,0.0,0.0,,,,0.0,0.0,0.0,
514.0,Hunter Long,23.0,MIA,TE,7.0,2.0,0.0,0.0,0.0,0.0,,,,0.0,0.0,0.0,
515.0,Chris Manhertz,29.0,JAX,TE,17.0,10.0,0.0,0.0,0.0,0.0,,,,0.0,0.0,0.0,
516.0,Terrace Marshall Jr.,21.0,CAR,WR,13.0,3.0,0.0,0.0,0.0,0.0,,,,0.0,0.0,0.0,
517.0,Conor McDermott,29.0,NYJ,T,6.0,3.0,0.0,0.0,0.0,0.0,,,,0.0,0.0,0.0,
518.0,Codey McElroy,29.0,TAM,TE,2.0,0.0,0.0,0.0,0.0,0.0,,,,0.0,0.0,0.0,
519.0,Sean McKeon,24.0,DAL,TE,9.0,2.0,0.0,0.0,0.0,0.0,,,,0.0,0.0,0.0,
520.0,Tre' McKitty,22.0,LAC,TE,11.0,4.0,0.0,0.0,0.0,0.0,,,,0.0,0.0,0.0,
521.0,Racey McMath,22.0,TEN,WR,9.0,0.0,0.0,0.0,0.0,0.0,,,,0.0,0.0,1.0,
522.0,Kirk Merritt,24.0,MIA,WR,2.0,0.0,0.0,0.0,0.0,0.0,,,,0.0,0.0,0.0,
523.0,Jaydon Mickens,27.0,JAX,WR,6.0,0.0,0.0,0.0,0.0,0.0,,,,0.0,0.0,1.0,
524.0,Anthony Miller,27.0,2TM,WR,3.0,1.0,0.0,0.0,0.0,0.0,,,,0.0,0.0,0.0,
524.0,Anthony Miller,27.0,HOU,WR,2.0,1.0,0.0,0.0,0.0,0.0,,,,0.0,0.0,0.0,
524.0,Anthony Miller,27.0,PIT,WR,1.0,0.0,0.0,0.0,0.0,0.0,,,,0.0,0.0,0.0,
525.0,Denzel Mims,24.0,NYJ,WR,11.0,3.0,0.0,0.0,0.0,0.0,,,,0.0,0.0,0.0,
526.0,D.J. Montgomery,25.0,NYJ,WR,3.0,0.0,0.0,0.0,0.0,0.0,,,,0.0,0.0,0.0,
527.0,Chris Moore,28.0,HOU,WR,12.0,1.0,0.0,0.0,0.0,0.0,,,,0.0,0.0,0.0,
528.0,David Moore,26.0,DEN,WR,2.0,0.0,0.0,0.0,0.0,0.0,,,,0.0,0.0,0.0,
529.0,Jason Moore,26.0,LAC,WR,2.0,1.0,0.0,0.0,0.0,0.0,,,,0.0,0.0,0.0,
530.0,Foster Moreau,24.0,LVR,TE,17.0,11.0,0.0,0.0,0.0,0.0,,,,0.0,0.0,1.0,
531.0,Johnny Mundt,27.0,LAR,TE,6.0,0.0,0.0,0.0,0.0,0.0,,,,0.0,0.0,0.0,
532.0,Chris Myarick,26.0,NYG,TE,8.0,3.0,0.0,0.0,0.0,0.0,,,,0.0,0.0,0.0,
533.0,Matt Nelson,26.0,DET,RT,13.0,11.0,0.0,0.0,0.0,0.0,,,,0.0,0.0,0.0,
534.0,Dazz Newsome,22.0,CHI,WR,3.0,1.0,0.0,0.0,0.0,0.0,,,,0.0,0.0,0.0,
535.0,James O'Shaughnessy,29.0,JAX,TE,7.0,6.0,0.0,0.0,0.0,0.0,,,,0.0,0.0,0.0,
536.0,Albert Okwuegbunam,23.0,DEN,TE,14.0,6.0,0.0,0.0,0.0,0.0,,,,0.0,0.0,1.0,
537.0,Josh Oliver,24.0,BAL,TE,14.0,1.0,0.0,0.0,0.0,0.0,,,,0.0,0.0,1.0,
538.0,Donald Parham,24.0,LAC,TE,14.0,9.0,0.0,0.0,0.0,0.0,,,,0.0,0.0,0.0,
539.0,DeVante Parker,28.0,MIA,WR,10.0,8.0,0.0,0.0,0.0,0.0,,,,0.0,0.0,0.0,
540.0,Colby Parkinson,22.0,SEA,TE,14.0,1.0,0.0,0.0,0.0,0.0,,,,0.0,0.0,0.0,
541.0,Dezmon Patmon,23.0,IND,WR,8.0,0.0,0.0,0.0,0.0,0.0,,,,0.0,0.0,0.0,
542.0,Tim Patrick,28.0,DEN,WR,16.0,16.0,0.0,0.0,0.0,0.0,,,,0.0,0.0,0.0,
543.0,Donovan Peoples-Jones,22.0,CLE,WR,14.0,9.0,0.0,0.0,0.0,0.0,,,,0.0,0.0,2.0,
544.0,Dante Pettis,26.0,NYG,WR,3.0,0.0,0.0,0.0,0.0,0.0,,,,0.0,0.0,1.0,
545.0,Danny Pinter,25.0,IND,G,16.0,3.0,0.0,0.0,0.0,0.0,,,,0.0,0.0,0.0,
546.0,Kyle Pitts,21.0,ATL,TE,17.0,15.0,0.0,0.0,0.0,0.0,,,,0.0,0.0,0.0,PB
547.0,Bobby Price,23.0,DET,DB,15.0,2.0,0.0,0.0,0.0,0.0,,,,0.0,0.0,0.0,
548.0,Byron Pringle,28.0,KAN,WR,17.0,5.0,0.0,0.0,0.0,0.0,,,,0.0,0.0,2.0,
549.0,James Proche,25.0,BAL,WR,14.0,0.0,0.0,0.0,0.0,0.0,,,,0.0,0.0,0.0,
550.0,MyCole Pruitt,29.0,TEN,TE,16.0,9.0,0.0,0.0,0.0,0.0,,,,0.0,0.0,0.0,
551.0,Kevin Rader,26.0,PIT,TE,6.0,1.0,0.0,0.0,0.0,0.0,,,,0.0,0.0,0.0,
552.0,Mike Remmers,32.0,KAN,T,4.0,2.0,0.0,0.0,0.0,0.0,,,,0.0,0.0,0.0,
553.0,Josh Reynolds,26.0,2TM,WR,12.0,5.0,0.0,0.0,0.0,0.0,,,,0.0,0.0,0.0,
553.0,Josh Reynolds,26.0,TEN,WR,5.0,0.0,0.0,0.0,0.0,0.0,,,,0.0,0.0,0.0,
553.0,Josh Reynolds,26.0,DET,WR,7.0,5.0,0.0,0.0,0.0,0.0,,,,0.0,0.0,0.0,
554.0,Giovanni Ricci,25.0,CAR,FB,16.0,1.0,0.0,0.0,0.0,0.0,,,,0.0,0.0,0.0,
555.0,Calvin Ridley,27.0,ATL,WR,5.0,5.0,0.0,0.0,0.0,0.0,,,,0.0,0.0,0.0,
556.0,Allen Robinson,28.0,CHI,WR,12.0,11.0,0.0,0.0,0.0,0.0,,,,0.0,0.0,0.0,
557.0,Demarcus Robinson,27.0,KAN,WR,17.0,10.0,0.0,0.0,0.0,0.0,,,,0.0,0.0,0.0,
558.0,Richard Rodgers,29.0,PHI,TE,3.0,0.0,0.0,0.0,0.0,0.0,,,,0.0,0.0,0.0,
559.0,Kyle Rudolph,32.0,NYG,TE,16.0,13.0,0.0,0.0,0.0,0.0,,,,0.0,0.0,0.0,
560.0,Drew Sample,25.0,CIN,TE,17.0,8.0,0.0,0.0,0.0,0.0,,,,0.0,0.0,0.0,
561.0,Mohamed Sanu,32.0,SFO,WR,8.0,0.0,0.0,0.0,0.0,0.0,,,,0.0,0.0,0.0,
562.0,Eric Saubert,27.0,DEN,TE,17.0,4.0,0.0,0.0,0.0,0.0,,,,0.0,0.0,0.0,
563.0,C.J. Saunders,25.0,CAR,WR,2.0,0.0,0.0,0.0,0.0,0.0,,,,0.0,0.0,0.0,
564.0,Dalton Schultz,25.0,DAL,TE,17.0,15.0,0.0,0.0,0.0,0.0,,,,0.0,0.0,0.0,
565.0,Ricky Seals-Jones,26.0,WAS,TE,13.0,6.0,0.0,0.0,0.0,0.0,,,,0.0,0.0,0.0,
566.0,Adam Shaheen,27.0,MIA,TE,12.0,7.0,0.0,0.0,0.0,0.0,,,,0.0,0.0,0.0,
567.0,Tajae Sharpe,27.0,ATL,WR,15.0,7.0,0.0,0.0,0.0,0.0,,,,0.0,0.0,0.0,
568.0,Trent Sherfield,25.0,SFO,WR,17.0,1.0,0.0,0.0,0.0,0.0,,,,0.0,0.0,0.0,
569.0,David Sills,25.0,NYG,WR,4.0,1.0,0.0,0.0,0.0,0.0,,,,0.0,0.0,0.0,
570.0,Ben Skowronek,24.0,LAR,WR,14.0,1.0,0.0,0.0,0.0,0.0,,,,0.0,0.0,0.0,
571.0,Devin Smith,29.0,JAX,WR,4.0,0.0,0.0,0.0,0.0,0.0,,,,0.0,0.0,0.0,
572.0,DeVonta Smith,23.0,PHI,WR,17.0,16.0,0.0,0.0,0.0,0.0,,,,0.0,0.0,1.0,
573.0,Kaden Smith,24.0,NYG,TE,9.0,4.0,0.0,0.0,0.0,0.0,,,,0.0,0.0,0.0,
574.0,Lee Smith,34.0,ATL,TE,16.0,6.0,0.0,0.0,0.0,0.0,,,,0.0,0.0,0.0,
575.0,Rodney Smith,25.0,CAR,RB,2.0,0.0,0.0,0.0,0.0,0.0,,,,0.0,0.0,0.0,
576.0,Tre'Quan Smith,25.0,NOR,WR,11.0,6.0,0.0,0.0,0.0,0.0,,,,0.0,0.0,1.0,
577.0,Vyncint Smith,25.0,NYJ,WR,2.0,0.0,0.0,0.0,0.0,0.0,,,,0.0,0.0,0.0,
578.0,Ihmir Smith-Marsette,22.0,MIN,WR,8.0,1.0,0.0,0.0,0.0,0.0,,,,0.0,0.0,0.0,
579.0,Willie Snead,29.0,2TM,WR,9.0,0.0,0.0,0.0,0.0,0.0,,,,0.0,0.0,0.0,
579.0,Willie Snead,29.0,LVR,WR,7.0,0.0,0.0,0.0,0.0,0.0,,,,0.0,0.0,0.0,
579.0,Willie Snead,29.0,CAR,WR,2.0,0.0,0.0,0.0,0.0,0.0,,,,0.0,0.0,0.0,
580.0,Diontae Spencer,29.0,DEN,WR,15.0,0.0,0.0,0.0,0.0,0.0,,,,0.0,0.0,2.0,
581.0,Jeremy Sprinkle,27.0,DAL,TE,17.0,4.0,0.0,0.0,0.0,0.0,,,,0.0,0.0,0.0,
582.0,Terence Steele,24.0,DAL,RT/LT,16.0,13.0,0.0,0.0,0.0,0.0,,,,0.0,0.0,0.0,
583.0,Luke Stocker,33.0,MIN,TE,12.0,0.0,0.0,0.0,0.0,0.0,,,,0.0,0.0,0.0,
584.0,Jack Stoll,23.0,PHI,TE,16.0,5.0,0.0,0.0,0.0,0.0,,,,0.0,0.0,0.0,
585.0,Mike Strachan,24.0,IND,WR,6.0,0.0,0.0,0.0,0.0,0.0,,,,0.0,0.0,0.0,
586.0,Stephen Sullivan,25.0,CAR,TE,3.0,0.0,0.0,0.0,0.0,0.0,,,,0.0,0.0,0.0,
587.0,Courtland Sutton,26.0,DEN,WR,17.0,16.0,0.0,0.0,0.0,0.0,,,,0.0,0.0,0.0,
588.0,Geoff Swaim,28.0,TEN,TE,16.0,16.0,0.0,0.0,0.0,0.0,,,,0.0,0.0,0.0,
589.0,Tommy Sweeney,26.0,BUF,TE,13.0,3.0,0.0,0.0,0.0,0.0,,,,0.0,0.0,1.0,
590.0,Auden Tate,24.0,CIN,WR,7.0,0.0,0.0,0.0,0.0,0.0,,,,0.0,0.0,0.0,
591.0,Malik Taylor,26.0,GNB,WR,10.0,0.0,0.0,0.0,0.0,0.0,,,,0.0,0.0,1.0,
592.0,Trent Taylor,27.0,CIN,WR,4.0,0.0,0.0,0.0,0.0,0.0,,,,0.0,0.0,0.0,
593.0,Andrew Thomas,22.0,NYG,LT,13.0,13.0,0.0,0.0,0.0,0.0,,,,0.0,0.0,0.0,
594.0,Ian Thomas,25.0,CAR,TE,17.0,13.0,0.0,0.0,0.0,0.0,,,,0.0,0.0,0.0,
595.0,Logan Thomas,30.0,WAS,TE,6.0,6.0,0.0,0.0,0.0,0.0,,,,0.0,0.0,1.0,
596.0,Mike Thomas,27.0,CIN,WR,12.0,1.0,0.0,0.0,0.0,0.0,,,,0.0,0.0,0.0,
597.0,Colin Thompson,28.0,CAR,TE,11.0,2.0,0.0,0.0,0.0,0.0,,,,0.0,0.0,0.0,
598.0,Eric Tomlinson,29.0,BAL,TE,17.0,7.0,0.0,0.0,0.0,0.0,,,,0.0,0.0,0.0,
599.0,Robert Tonyan,27.0,GNB,TE,8.0,5.0,0.0,0.0,0.0,0.0,,,,0.0,0.0,0.0,
600.0,Adam Trautman,24.0,NOR,TE,13.0,10.0,0.0,0.0,0.0,0.0,,,,0.0,0.0,1.0,
601.0,Laquon Treadwell,26.0,JAX,WR,12.0,7.0,0.0,0.0,0.0,0.0,,,,0.0,0.0,0.0,
602.0,Malik Turner,25.0,DAL,WR,14.0,0.0,0.0,0.0,0.0,0.0,,,,0.0,0.0,0.0,
603.0,C.J. Uzomah,28.0,CIN,TE,16.0,16.0,0.0,0.0,0.0,0.0,,,,0.0,0.0,0.0,
604.0,Marquez Valdes-Scantling,27.0,GNB,WR,11.0,7.0,0.0,0.0,0.0,0.0,,,,0.0,0.0,0.0,
605.0,Nick Vannett,28.0,NOR,TE,7.0,2.0,0.0,0.0,0.0,0.0,,,,0.0,0.0,0.0,
606.0,Tylan Wallace,22.0,BAL,WR,17.0,1.0,0.0,0.0,0.0,0.0,,,,0.0,0.0,0.0,
607.0,Darren Waller,29.0,LVR,TE,11.0,11.0,0.0,0.0,0.0,0.0,,,,0.0,0.0,0.0,
608.0,Greg Ward,26.0,PHI,WR,17.0,0.0,0.0,0.0,0.0,0.0,,,,0.0,0.0,0.0,
609.0,Sammy Watkins,28.0,BAL,WR,13.0,9.0,0.0,0.0,0.0,0.0,,,,0.0,0.0,1.0,
610.0,Trevon Wesco,26.0,NYJ,TE,12.0,7.0,0.0,0.0,0.0,0.0,,,,0.0,0.0,0.0,
611.0,Antoine Wesley,24.0,ARI,WR,15.0,4.0,0.0,0.0,0.0,0.0,,,,0.0,0.0,0.0,
612.0,Dede Westbrook,28.0,MIN,WR,15.0,0.0,0.0,0.0,0.0,0.0,,,,0.0,0.0,2.0,
613.0,Nick Westbrook-Ikhine,24.0,TEN,WR,16.0,7.0,0.0,0.0,0.0,0.0,,,,0.0,0.0,1.0,
614.0,Cody White,23.0,PIT,WR,15.0,0.0,0.0,0.0,0.0,0.0,,,,0.0,0.0,0.0,
615.0,Kevin White,29.0,NOR,WR,6.0,1.0,0.0,0.0,0.0,0.0,,,,0.0,0.0,0.0,
616.0,Mitchell Wilcox,25.0,CIN,TE,15.0,1.0,0.0,0.0,0.0,0.0,,,,0.0,0.0,0.0,
617.0,Kristian Wilkerson,24.0,NWE,WR,3.0,1.0,0.0,0.0,0.0,0.0,,,,0.0,0.0,0.0,
618.0,Christian Wilkins,26.0,MIA,RDE,17.0,17.0,0.0,0.0,0.0,0.0,,,,0.0,0.0,1.0,
619.0,Maxx Williams,27.0,ARI,TE,5.0,5.0,0.0,0.0,0.0,0.0,,,,0.0,0.0,0.0,
620.0,Mike Williams,27.0,LAC,WR,16.0,14.0,0.0,0.0,0.0,0.0,,,,0.0,0.0,0.0,
621.0,Seth Williams,21.0,DEN,WR,2.0,1.0,0.0,0.0,0.0,0.0,,,,0.0,0.0,0.0,
622.0,Trent Williams,33.0,SFO,LT,15.0,15.0,0.0,0.0,0.0,0.0,,,,0.0,0.0,0.0,"PB,AP-1"
623.0,Tyrell Williams,29.0,DET,WR,1.0,1.0,0.0,0.0,0.0,0.0,,,,0.0,0.0,0.0,
624.0,Juwann Winfree,25.0,GNB,WR,7.0,0.0,0.0,0.0,0.0,0.0,,,,0.0,0.0,2.0,
625.0,Easop Winston,25.0,NOR,WR,3.0,1.0,0.0,0.0,0.0,0.0,,,,0.0,0.0,0.0,
626.0,Charlie Woerner,24.0,SFO,TE,17.0,3.0,0.0,0.0,0.0,0.0,,,,0.0,0.0,0.0,
627.0,Ethan Wolf,26.0,NOR,TE,2.0,1.0,0.0,0.0,0.0,0.0,,,,0.0,0.0,0.0,
628.0,Brock Wright,23.0,DET,TE,10.0,5.0,0.0,0.0,0.0,0.0,,,,0.0,0.0,0.0,
629.0,Kenny Yeboah,23.0,NYJ,TE,9.0,0.0,0.0,0.0,0.0,0.0,,,,0.0,0.0,0.0,
630.0,Deon Yelder,26.0,TAM,TE,5.0,0.0,0.0,0.0,0.0,0.0,,,,0.0,0.0,0.0,
631.0,Brandon Zylstra,28.0,CAR,WR,13.0,3.0,0.0,0.0,0.0,0.0,,,,0.0,0.0,0.0,
632.0,Shane Zylstra,25.0,DET,TE,4.0,0.0,0.0,0.0,0.0,0.0,,,,0.0,0.0,0.0,
,League Average,,,,,,,,,,49.6,,4.3,8.7,2.0,,
