player,predicted_rec_yds,predicted_rec_tds,predicted_receptions,predicted_fantasy_points
AJ Barner,318.71,4.093714285714286,30.2,94.28400000000003
Adam Trautman,223.72,2.668688311688312,26.49,80.17899999999999
Andrew Ogletree,223.96,1.5806147186147186,26.61,79.797
Austin Hooper,475.82,3.081666666666667,44.87,111.8630000000001
Baylor Cupp,208.63,1.659027417027417,26.43,83.50099999999995
Ben Sims,224.3,0.7556147186147187,26.52,79.23499999999999
Ben Sinnott,220.46,1.5806147186147186,26.33,81.74899999999998
Blake Whiteheart,220.15,1.5506147186147188,26.23,81.51199999999997
Brayden Willis,216.24,0.8516147186147185,26.49,82.09499999999997
Brenden Bates,207.01,1.659027417027417,26.43,83.64899999999997
Brenton Strange,412.75,2.0,39.68,88.29899999999994
Brevin Jordan,212.06,1.603027417027417,26.16,84.41099999999997
Brevyn Spann-Ford,220.76,0.7556147186147187,26.33,81.13499999999998
Brock Bowers,1180.3,4.853111111111112,110.97,262.3920000000001
Brock Wright,224.15,2.5615194805194808,26.58,80.699
Cade Otton,601.4,3.9932500000000006,59.172,142.04786363636376
Cade Stover,223.52,1.5725036075036072,26.41,80.87499999999999
Cam Grandy,223.64,0.7906147186147185,26.42,83.39399999999998
Charlie Kolar,218.95,1.53634126984127,26.47,79.23499999999996
Charlie Woerner,220.02,0.8346147186147188,26.26,80.98999999999998
Chigoziem Okonkwo,478.12,2.0,52.11,113.30250000000011
Chris Manhertz,206.1,1.638932178932179,25.7,79.20157142857141
Colby Parkinson,350.86,0.98,29.96,77.91
Cole Kmet,475.01,4.04,46.99,117.39199999999984
Connor Heyward,223.84,1.5456147186147187,26.48,80.49599999999998
Dallas Goedert,496.17,2.02,41.99,103.01800000000014
Dallin Holker,219.94,0.7956147186147186,26.25,81.72499999999997
Dalton Kincaid,446.14,2.0185714285714287,44.15,103.14000000000001
Dalton Schultz,528.3,2.0485714285714285,53.28,118.6900000000001
Daniel Bellinger,222.57,0.7556147186147187,26.6,78.97499999999998
Darnell Washington,224.14,1.5525036075036072,26.62,79.04999999999998
David Martin-Robinson,208.73,1.6040274170274171,26.16,83.70299999999996
David Njoku,505.17,4.947666666666667,64.3875,142.32511111111108
Davis Allen,218.33,0.8346147186147188,26.39,82.44199999999996
Dawson Knox,257.52,1.052,26.13,77.76399999999998
Devin Culp,212.36,1.558027417027417,26.23,81.02499999999996
Drew Sample,222.18,1.5331269841269841,25.67,82.04700000000001
Durham Smythe,220.07,0.8346147186147188,25.49,81.222
E.J. Jenkins,216.48,1.6066147186147186,26.17,83.82399999999998
Elijah Higgins,224.23,2.542948051948052,26.66,80.49
Eric Saubert,218.7,1.5456147186147187,25.55,79.95299999999999
Eric Tomlinson,199.1,0.9630432900432899,25.3,83.95657142857141
Erick All,222.08,0.7506147186147186,26.62,83.19299999999996
Evan Engram,360.98,1.0166666666666666,46.94,108.86530303030304
Feleipe Franks,216.59,0.8346147186147188,26.34,80.30599999999998
Foster Moreau,413.1,4.82752380952381,31.37,95.13400000000006
Geoff Swaim,202.68,0.9134718614718615,25.47,82.29357142857141
George Kittle,1097.51,8.09,78.70446031746032,236.35299999999978
Gerald Everett,221.51,0.8006147186147188,25.53,81.943
Grant Calcaterra,337.87,1.022,26.97,75.68299999999998
Greg Dulcich,208.66,1.649027417027417,26.17,83.99999999999996
Harrison Bryant,218.71,0.7506147186147186,26.37,79.63399999999997
Hayden Hurst,202.54,0.91704329004329,25.35,83.8565714285714
Hunter Henry,672.82,2.0,65.76,148.19999999999985
Hunter Long,220.73,0.7556147186147187,26.45,79.37599999999998
Ian Thomas,208.63,1.649027417027417,25.35,83.47899999999998
Isaiah Likely,475.87,5.93,41.85,123.01266666666677
Ja'Tavion Sanders,349.9,0.99,32.04,77.90899999999996
Jack Stoll,219.83,1.603027417027417,26.17,83.94899999999998
Jaheim Bell,218.68,0.8006147186147188,26.43,81.93999999999998
Jake Ferguson,495.43,0.04666666666666666,59.6215,112.54999999999987
Jared Wiley,220.09,1.603027417027417,26.19,82.89599999999999
Jeremy Ruckert,223.57,0.7925036075036076,26.42,81.64499999999998
Jody Fortson,208.63,1.649027417027417,25.36,83.79999999999998
John Bates,222.42,0.7556147186147187,26.52,81.069
John FitzPatrick,219.8,0.7956147186147186,26.2,83.30999999999996
John Samuel Shenker,220.24,0.7906147186147185,26.3,81.85399999999998
Johnny Mundt,218.68,2.7195829725829723,25.5,82.802
Jonnu Smith,898.64,8.0,85.01773809523809,222.52599999999967
Jordan Akins,376.5,2.3742900432900433,39.84,87.88157142857135
Jordan Matthews,191.54,1.7718845598845598,25.55,83.26257142857139
Josh Oliver,282.31,3.31325,26.73,87.65
Josh Whyle,319.62,1.055,29.14,78.83899999999998
Josiah Deguara,220.08,0.8006147186147188,26.25,80.86399999999998
Julian Hill,223.77,0.7525036075036076,26.44,81.84799999999997
Juwan Johnson,545.44,3.131928571428572,50.01,125.43699999999991
Kenny Yeboah,220.21,1.5406147186147188,26.26,82.23999999999997
Kyle Pitts,601.61,4.06125,46.99,129.67844444444455
Kylen Granson,220.22,0.8446147186147188,26.77,80.47399999999998
Lucas Krull,220.34,0.7506147186147186,26.28,80.66099999999999
Luke Farrell,223.77,0.7556147186147187,26.34,81.944
Luke Musgrave,219.83,1.603027417027417,26.16,84.36099999999996
Luke Schoonmaker,261.06,1.075,27.64,79.07199999999997
Marcedes Lewis,202.58,0.9060432900432902,25.44,84.038
Mark Andrews,671.48,10.95,55.05,183.11799999999974
Michael Mayer,223.26,0.29075757575757577,26.44,82.06699999999996
Mike Gesicki,667.34,2.0,64.75592857142857,143.98750793650794
Mo Alie-Cox,201.28,1.6703867243867245,25.77,80.38099999999997
MyCole Pruitt,205.84,1.6770432900432903,25.44,81.45357142857141
Nate Adkins,222.51,3.3301428571428575,26.61,89.95100000000002
Nick Vannett,206.24,3.4037142857142864,25.72,89.65657142857144
Noah Fant,498.55,1.0,47.91,105.61199999999997
Noah Gray,439.73,4.7877857142857145,39.72,109.64699999999995
Pat Freiermuth,655.19,7.01,64.67,169.06357142857124
Payne Durham,224.01,2.514948051948052,26.75,80.14099999999999
Peyton Hendershot,220.21,1.558027417027417,26.43,80.99099999999999
Pharaoh Brown,220.14,0.8006147186147188,25.61,81.93199999999999
Quintin Morris,220.3,1.5456147186147187,26.31,81.55499999999998
Ross Dwelley,220.44,0.7556147186147187,25.65,80.18599999999999
Sam LaPorta,722.34,7.01,60.21714285714286,171.69471428571433
Shane Zylstra,220.08,0.7506147186147186,25.5,77.484
Stephen Sullivan,208.55,1.659027417027417,25.6,82.81899999999997
Stone Smartt,220.6,0.7656147186147187,26.51,77.63799999999998
T.J. Hockenson,453.54,0.03,41.1,92.26100000000001
Tanner Conner,218.36,0.7906147186147185,26.18,83.95699999999997
Tanner Hudson,216.96,1.52634126984127,25.54,79.74499999999998
Taysom Hill,211.3,0.38712698412698415,24.66,97.066
Theo Johnson,349.88,0.99,29.8,79.84299999999996
Tip Reiman,224.07,0.7525036075036076,26.48,81.04499999999999
Tommy Tremble,232.81,2.2566623376623376,26.72,81.25899999999997
Travis Kelce,837.39,3.3728771228771226,95.16904761904762,208.4700000000001
Trey McBride,1157.41,2.2722857142857142,109.56,250.7869999999997
Tucker Fisk,223.51,0.7506147186147186,26.35,82.19499999999998
Tucker Kraft,708.77,7.0,49.98,164.9044999999998
Tyler Conklin,449.76,4.02,50.9,120.18599999999986
Tyler Higbee,194.72,3.4191507936507937,25.5,87.85157142857139
Will Dissly,479.94,2.0,49.98,109.8520000000001
Will Mallory,216.27,0.8416147186147185,26.23,82.46699999999997
Zach Davidson,208.73,1.6040274170274171,26.18,84.00399999999998
Zach Ertz,654.96,7.02,66.17985714285714,168.20999999999987
