player,predicted_rec_yds,predicted_rec_tds,predicted_receptions,predicted_fantasy_points,normalized_projected,potential_score,avg_fantasy,std_fantasy,games_played,consistency_score,prior_stat_score,final_grade,grade_label
AJ Barner,318.71,4.093714285714286,30.2,94.28400000000003,35.93249794201043,35.93249794201043,,,,,,26.9,Risky
Adam Trautman,223.72,2.668688311688312,26.49,80.17899999999999,30.55695295588278,30.55695295588278,,,,,,24.7,Risky
Andrew Ogletree,223.96,1.5806147186147186,26.61,79.797,30.41136924906246,30.41136924906246,,,,,,24.7,Risky
Austin Hooper,475.82,3.081666666666667,44.87,111.8630000000001,42.63201622000673,42.63201622000673,62.0,8.54400374531753,3.0,86.21934902014353,41.722745625841185,53.2,Depth
Baylor Cupp,208.63,1.659027417027417,26.43,83.50099999999995,31.82299765236742,31.82299765236742,,,,,,25.2,Risky
Ben Sims,224.3,0.7556147186147187,26.52,79.23499999999999,30.197185889813692,30.197185889813692,,,,,,24.6,Risky
Ben Sinnott,220.46,1.5806147186147186,26.33,81.74899999999998,31.155294368730736,31.155294368730736,,,,,,25.0,Risky
Blake Whiteheart,220.15,1.5506147186147188,26.23,81.51199999999997,31.0649714930333,31.0649714930333,,,,,,24.9,Risky
Brayden Willis,216.24,0.8516147186147185,26.49,82.09499999999997,31.287158145065376,31.287158145065376,,,,,,25.0,Risky
Brenden Bates,207.01,1.659027417027417,26.43,83.64899999999997,31.8794018110308,31.8794018110308,,,,,,25.3,Risky
Brenton Strange,412.75,2.0,39.68,88.29899999999994,33.65155949876517,33.65155949876517,,,,,,26.0,Risky
Brevin Jordan,212.06,1.603027417027417,26.16,84.41099999999997,32.169807006311146,32.169807006311146,,,,,,25.4,Risky
Brevyn Spann-Ford,220.76,0.7556147186147187,26.33,81.13499999999998,30.921293332113763,30.921293332113763,,,,,,24.9,Risky
Brock Bowers,1180.3,4.853111111111112,110.97,262.3920000000001,100.0,100.0,142.0,0.0,1.0,100.0,95.5585464333782,98.4,Elite
Brock Wright,224.15,2.5615194805194808,26.58,80.699,30.755129729564914,30.755129729564914,,,,,,24.8,Risky
Cade Otton,601.4,3.9932500000000006,59.172,142.04786363636376,54.13574485364025,54.13574485364025,77.0,8.48528137423857,2.0,88.98015420254531,51.81695827725438,62.0,Flex
Cade Stover,223.52,1.5725036075036072,26.41,80.87499999999999,30.822204945272702,30.822204945272702,,,,,,24.8,Risky
Cam Grandy,223.64,0.7906147186147185,26.42,83.39399999999998,31.782218970090533,31.782218970090533,,,,,,25.2,Risky
Charlie Kolar,218.95,1.53634126984127,26.47,79.23499999999996,30.19718588981368,30.19718588981368,,,,,,24.6,Risky
Charlie Woerner,220.02,0.8346147186147188,26.26,80.98999999999998,30.866032500990865,30.866032500990865,,,,,,24.8,Risky
Chigoziem Okonkwo,478.12,2.0,52.11,113.30250000000012,43.18062288484408,43.18062288484408,58.0,7.211102550927978,3.0,87.56706478172651,39.03095558546433,52.8,Depth
Chris Manhertz,206.1,1.638932178932179,25.7,79.20157142857141,30.184445954362705,30.184445954362705,,,,,,24.6,Risky
Colby Parkinson,350.86,0.98,29.96,77.91,29.69221622610444,29.69221622610444,,,,,,24.4,Risky
Cole Kmet,475.01,4.04,46.99,117.39199999999984,44.739168877099836,44.739168877099836,83.0,21.83269719175042,4.0,73.69554586902906,55.85464333781965,55.9,Depth
Connor Heyward,223.84,1.5456147186147189,26.48,80.49599999999998,30.67776456599284,30.67776456599284,,,,,,24.8,Risky
Dallas Goedert,496.17,2.02,41.99,103.01800000000014,39.26110552150984,39.26110552150984,69.6,10.597169433391162,5.0,84.77418206733766,46.8371467025572,53.3,Depth
Dallin Holker,219.94,0.7956147186147186,26.25,81.72499999999997,31.14614774840694,31.14614774840694,,,,,,25.0,Risky
Dalton Kincaid,446.14,2.0185714285714287,44.15,103.14,39.307600841489055,39.307600841489055,70.5,20.506096654409877,2.0,70.91333849142801,47.442799461642,50.1,Depth
Dalton Schultz,528.3,2.0485714285714285,53.28,118.6900000000001,45.23384859294492,45.23384859294492,90.8,22.004544985070698,5.0,75.76591988686134,61.103633916554514,58.4,Depth
Daniel Bellinger,222.57,0.7556147186147187,26.6,78.97499999999998,30.09809750297263,30.09809750297263,,,,,,24.5,Risky
Darnell Washington,224.14,1.5525036075036072,26.62,79.04999999999998,30.126680691484474,30.126680691484474,,,,,,24.6,Risky
David Martin-Robinson,208.73,1.6040274170274171,26.16,83.70299999999996,31.899981706759323,31.899981706759323,,,,,,25.3,Risky
David Njoku,505.17,4.947666666666667,64.3875,142.32511111111108,54.24140641144205,54.24140641144205,88.25,23.781995991365683,4.0,73.05156292138095,59.38761776581427,60.7,Flex
Davis Allen,218.33,0.8346147186147188,26.39,82.44199999999996,31.419403030580174,31.419403030580174,,,,,,25.1,Risky
Dawson Knox,257.52,1.052,26.13,77.76399999999998,29.636574285801377,29.636574285801377,93.5,13.435028842544403,2.0,85.63098534881898,62.920592193808886,55.3,Depth
Devin Culp,212.36,1.558027417027417,26.23,81.02499999999996,30.879371322296382,30.879371322296382,,,,,,24.9,Risky
Drew Sample,222.18,1.533126984126984,25.67,82.04700000000001,31.26886490441781,31.26886490441781,46.0,0.0,1.0,100.0,30.955585464333783,48.3,Depth
Durham Smythe,220.07,0.8346147186147188,25.49,81.222,30.95444983078751,30.95444983078751,34.5,0.7071067811865476,2.0,97.95041518640377,23.216689098250338,45.0,Depth
E.J. Jenkins,216.48,1.6066147186147186,26.17,83.82399999999998,31.94609591755844,31.94609591755844,,,,,,25.3,Risky
Elijah Higgins,224.23,2.542948051948052,26.66,80.49,30.6754779109119,30.6754779109119,,,,,,24.8,Risky
Eric Saubert,218.7,1.5456147186147189,25.55,79.95299999999999,30.47082228116709,30.47082228116709,,,,,,24.7,Risky
Eric Tomlinson,199.1,0.96304329004329,25.3,83.95657142857141,31.996620106013662,31.996620106013662,,,,,,25.3,Risky
Erick All,222.08,0.7506147186147186,26.62,83.19299999999996,31.705616024878776,31.705616024878776,,,,,,25.2,Risky
Evan Engram,360.98,1.0166666666666666,46.94,108.86530303030304,41.48956638552356,41.48956638552356,93.5,32.68536879604287,4.0,65.04238668827087,62.920592193808886,54.9,Depth
Feleipe Franks,216.59,0.8346147186147188,26.34,80.30599999999998,30.605353821762836,30.605353821762836,,,,,,24.7,Risky
Foster Moreau,413.1,4.82752380952381,31.37,95.13400000000006,36.25644074514467,36.25644074514467,46.5,2.1213203435596424,2.0,95.43802086464548,31.292059219380892,49.3,Depth
Geoff Swaim,202.68,0.9134718614718615,25.47,82.29357142857141,31.362835539411027,31.362835539411027,,,,,,25.0,Risky
George Kittle,1097.51,8.09,78.70446031746032,236.35299999999975,90.07629805786749,90.07629805786749,104.0,27.027763503479157,5.0,74.01176611192614,69.98654104979812,79.0,Starter
Gerald Everett,221.51,0.8006147186147188,25.53,81.943,31.22922954968138,31.22922954968138,69.0,12.027745701779143,4.0,82.56848474280581,46.433378196500676,49.4,Depth
Grant Calcaterra,337.87,1.022,26.97,75.68299999999998,28.84348608189272,28.84348608189272,,,,,,24.0,Risky
Greg Dulcich,208.66,1.649027417027417,26.17,83.99999999999996,32.013171133266226,32.013171133266226,45.0,0.0,1.0,100.0,30.282637954239572,48.4,Depth
Harrison Bryant,218.71,0.7506147186147186,26.37,79.63399999999997,30.349248452696703,30.349248452696703,,,,,,24.6,Risky
Hayden Hurst,202.54,0.91704329004329,25.35,83.8565714285714,31.95850918799787,31.95850918799787,78.0,19.79898987322333,2.0,74.61667997514085,52.48990578734859,49.8,Depth
Hunter Henry,672.82,2.0,65.76,148.19999999999985,56.48038049940539,56.48038049940539,79.4,18.21537811850196,5.0,77.0587180238172,53.43203230148049,60.6,Flex
Hunter Long,220.73,0.7556147186147187,26.45,79.37599999999998,30.25092228421596,30.25092228421596,,,,,,24.6,Risky
Ian Thomas,208.63,1.649027417027417,25.35,83.47899999999998,31.814613250403955,31.814613250403955,,,,,,25.2,Risky
Isaiah Likely,475.87,5.93,41.85,123.01266666666676,46.88125654237428,46.88125654237428,69.0,12.727922061357855,2.0,81.55373641029678,46.433378196500676,55.4,Depth
Ja'Tavion Sanders,349.9,0.99,32.04,77.90899999999996,29.69183511692427,29.69183511692427,,,,,,24.4,Risky
Jack Stoll,219.83,1.603027417027417,26.17,83.94899999999998,31.993734565078185,31.993734565078185,,,,,,25.3,Risky
Jaheim Bell,218.68,0.8006147186147188,26.43,81.93999999999998,31.2280862221409,31.2280862221409,,,,,,25.0,Risky
Jake Ferguson,495.43,0.0466666666666666,59.6215,112.54999999999988,42.893838226775145,42.893838226775145,80.0,29.698484809834994,2.0,62.876894451745066,53.83580080753701,51.7,Depth
Jared Wiley,220.09,1.603027417027417,26.19,82.89599999999999,31.59242659837188,31.59242659837188,,,,,,25.1,Risky
Jeremy Ruckert,223.57,0.7925036075036076,26.42,81.64499999999998,31.115659013994307,31.115659013994307,,,,,,24.9,Risky
Jody Fortson,208.63,1.649027417027417,25.36,83.79999999999998,31.93694929723465,31.93694929723465,,,,,,25.3,Risky
John Bates,222.42,0.7556147186147187,26.52,81.069,30.896140126223347,30.896140126223347,,,,,,24.9,Risky
John FitzPatrick,219.8,0.7956147186147186,26.2,83.30999999999996,31.750205798957253,31.750205798957253,,,,,,25.2,Risky
John Samuel Shenker,220.24,0.7906147186147185,26.3,81.85399999999998,31.195310832647316,31.195310832647316,,,,,,25.0,Risky
Johnny Mundt,218.68,2.7195829725829723,25.5,82.802,31.556602335437045,31.556602335437045,,,,,,25.1,Risky
Jonnu Smith,898.64,8.0,85.01773809523809,222.52599999999967,84.80670142382374,84.80670142382374,99.66666666666667,34.23935357645254,3.0,65.64613388001952,67.0704351727232,73.8,Starter
Jordan Akins,376.5,2.374290043290044,39.84,87.88157142857135,33.492473638133525,33.492473638133525,55.0,16.97056274847714,2.0,69.14443192741552,37.01211305518169,43.6,Depth
Jordan Matthews,191.54,1.7718845598845598,25.55,83.26257142857139,31.732130334984056,31.732130334984056,,,,,,25.2,Risky
Josh Oliver,282.31,3.31325,26.73,87.65,33.4042196408427,33.4042196408427,,,,,,25.9,Risky
Josh Whyle,319.62,1.055,29.14,78.83899999999998,30.046266654471154,30.046266654471154,,,,,,24.5,Risky
Josiah Deguara,220.08,0.8006147186147188,26.25,80.86399999999998,30.81801274429096,30.81801274429096,,,,,,24.8,Risky
Julian Hill,223.77,0.7525036075036076,26.44,81.84799999999997,31.193024177566365,31.193024177566365,,,,,,25.0,Risky
Juwan Johnson,545.44,3.131928571428572,50.01,125.43699999999993,47.80519223147042,47.80519223147042,71.0,11.789826122551595,3.0,83.39461132887646,47.7792732166891,56.7,Depth
Kenny Yeboah,220.21,1.5406147186147188,26.26,82.23999999999997,31.342418976188274,31.342418976188274,,,,,,25.0,Risky
Kyle Pitts,601.61,4.06125,46.99,129.67844444444455,49.421645646378124,49.421645646378124,72.0,1.7320508075688772,3.0,97.59437391178804,48.45222072678331,61.1,Flex
Kylen Granson,220.22,0.8446147186147188,26.77,80.47399999999998,30.66938016402937,30.66938016402937,36.0,0.0,1.0,100.0,24.226110363391655,45.7,Depth
Lucas Krull,220.34,0.7506147186147186,26.28,80.66099999999999,30.740647580718907,30.740647580718907,,,,,,24.8,Risky
Luke Farrell,223.77,0.7556147186147187,26.34,81.944,31.22961065886154,31.22961065886154,,,,,,25.0,Risky
Luke Musgrave,219.83,1.603027417027417,26.16,84.36099999999996,32.150751547303244,32.150751547303244,40.0,0.0,1.0,100.0,26.917900403768506,47.3,Depth
Luke Schoonmaker,261.06,1.075,27.64,79.07199999999997,30.13506509344795,30.13506509344795,,,,,,24.6,Risky
Marcedes Lewis,202.58,0.9060432900432902,25.44,84.038,32.02765328211225,32.02765328211225,,,,,,25.3,Risky
Mark Andrews,671.48,10.95,55.05,183.1179999999997,69.78795085215998,69.78795085215998,113.2,30.25227264190246,5.0,73.27537776090438,76.17765814266487,72.9,Starter
Michael Mayer,223.26,0.2907575757575757,26.44,82.06699999999996,31.27648708802095,31.27648708802095,,,,,,25.0,Risky
Mike Gesicki,667.34,2.0,64.75592857142857,143.98750793650794,54.8749611026662,54.8749611026662,83.66666666666667,6.110100926607789,3.0,92.69709061325256,56.30327501121579,64.8,Flex
Mo Alie-Cox,201.28,1.6703867243867243,25.77,80.38099999999997,30.633937010274682,30.633937010274682,43.0,0.0,1.0,100.0,28.936742934051146,47.4,Depth
MyCole Pruitt,205.84,1.6770432900432903,25.44,81.45357142857141,31.04270382807836,31.04270382807836,,,,,,24.9,Risky
Nate Adkins,222.51,3.330142857142857,26.61,89.95100000000002,34.2811518643861,34.2811518643861,,,,,,26.2,Risky
Nick Vannett,206.24,3.4037142857142864,25.72,89.65657142857144,34.16894243291389,34.16894243291389,,,,,,26.2,Risky
Noah Fant,498.55,1.0,47.91,105.61199999999997,40.249702734839445,40.249702734839445,66.4,23.638950907347816,5.0,64.39917085641638,44.683714670255725,47.8,Depth
Noah Gray,439.73,4.7877857142857145,39.72,109.64699999999996,41.7874782767767,41.7874782767767,70.0,0.0,1.0,100.0,47.10632570659489,58.2,Depth
Pat Freiermuth,655.19,7.01,64.67,169.06357142857124,64.43167910171468,64.43167910171468,94.66666666666667,17.21433511156714,3.0,81.8158433840927,63.70569762225213,68.5,Flex
Payne Durham,224.01,2.514948051948052,26.75,80.14099999999999,30.542470807036782,30.542470807036782,,,,,,24.7,Risky
Peyton Hendershot,220.21,1.558027417027417,26.43,80.99099999999999,30.866413610171023,30.866413610171023,,,,,,24.8,Risky
Pharaoh Brown,220.14,0.8006147186147188,25.61,81.93199999999999,31.225037348699637,31.225037348699637,,,,,,25.0,Risky
Quintin Morris,220.3,1.5456147186147189,26.31,81.55499999999998,31.081359187780095,31.081359187780095,,,,,,24.9,Risky
Ross Dwelley,220.44,0.7556147186147187,25.65,80.18599999999999,30.559620720143894,30.559620720143894,,,,,,24.7,Risky
Sam LaPorta,722.34,7.01,60.21714285714286,171.69471428571433,65.43443179887888,65.43443179887888,124.0,31.11269837220809,2.0,74.90911441830707,83.44549125168237,74.1,Starter
Shane Zylstra,220.08,0.7506147186147186,25.5,77.484,29.529863715357163,29.529863715357163,,,,,,24.3,Risky
Stephen Sullivan,208.55,1.659027417027417,25.6,82.81899999999997,31.56308119149972,31.56308119149972,,,,,,25.1,Risky
Stone Smartt,220.6,0.7656147186147187,26.51,77.63799999999998,29.588554529101472,29.588554529101472,,,,,,24.3,Risky
T.J. Hockenson,453.54,0.03,41.1,92.261,35.161514070550915,35.161514070550915,95.4,27.953135383669892,10.0,70.69901982111102,64.1991924629879,54.2,Depth
Tanner Conner,218.36,0.7906147186147185,26.18,83.95699999999997,31.996783438519437,31.996783438519437,,,,,,25.3,Risky
Tanner Hudson,216.96,1.52634126984127,25.54,79.74499999999998,30.391551571694237,30.391551571694237,,,,,,24.7,Risky
Taysom Hill,211.3,0.3871269841269841,24.66,97.066,36.99274368120978,36.99274368120978,59.0,0.0,1.0,100.0,39.703903095558545,53.7,Depth
Theo Johnson,349.88,0.99,29.8,79.84299999999996,30.428900271349708,30.428900271349708,,,,,,24.7,Risky
Tip Reiman,224.07,0.7525036075036076,26.48,81.04499999999999,30.88699350589955,30.88699350589955,,,,,,24.9,Risky
Tommy Tremble,232.81,2.2566623376623376,26.72,81.25899999999997,30.968550870453342,30.968550870453342,,,,,,24.9,Risky
Travis Kelce,837.39,3.3728771228771226,95.16904761904762,208.4700000000001,79.44983078752402,79.44983078752402,148.6,29.211299183706295,5.0,80.34232907999355,100.0,86.9,Elite
Trey McBride,1157.41,2.2722857142857142,109.56,250.7869999999997,95.57722796426704,95.57722796426704,114.0,21.213203435596427,2.0,81.39192697410904,76.71601615074024,85.4,Elite
Tucker Fisk,223.51,0.7506147186147186,26.35,82.19499999999998,31.32526906308117,31.32526906308117,,,,,,25.0,Risky
Tucker Kraft,708.77,7.0,49.98,164.9044999999998,62.846618799353536,62.846618799353536,67.5,34.64823227814083,2.0,48.669286274320456,45.423956931359356,53.2,Depth
Tyler Conklin,449.76,4.02,50.9,120.18599999999986,45.803987926461105,45.803987926461105,72.75,8.0156097709407,4.0,88.98197984775189,48.95693135935397,57.7,Depth
Tyler Higbee,194.72,3.4191507936507937,25.5,87.85157142857139,33.4810403627288,33.4810403627288,78.5,15.154757228892407,4.0,80.69457702440997,52.8263795423957,52.1,Depth
Will Dissly,479.94,2.0,49.98,109.8520000000001,41.86560565870913,41.86560565870913,62.0,0.0,1.0,100.0,41.722745625841185,56.3,Depth
Will Mallory,216.27,0.8416147186147185,26.23,82.46699999999997,31.42893076008412,31.42893076008412,,,,,,25.1,Risky
Zach Davidson,208.73,1.6040274170274171,26.18,84.00399999999998,32.01469556998687,32.01469556998687,,,,,,25.3,Risky
Zach Ertz,654.96,7.02,66.17985714285714,168.20999999999987,64.10637519436561,64.10637519436561,83.88888888888889,22.38551118717442,9.0,73.31528499563636,56.452818902347836,63.7,Flex
