player,predicted_rec_yds,predicted_rec_tds,predicted_receptions,predicted_fantasy_points,potential_score,avg_fantasy,std_fantasy,games_played,consistency_score,prior_stat_score,final_grade,grade_label
A.J. Brown,1080.63,7.0,67.19,215.6304761904764,55.78925101109582,128.0,26.105554964413226,5.0,79.60503534338783,76.30402384500745,68.9,Flex
Adam Thielen,615.78,5.0,48.06,140.425,36.33162487807528,119.2,29.575327555244424,5.0,75.18848380274392,71.05812220566318,58.2,Depth
Adonai Mitchell,313.87,0.5,25.29,78.81599999999999,20.39176319309511,,,,,,20.7,Risky
Ainias Smith,145.61,1.17,25.14,69.82699999999996,18.066073493760804,,,,,,19.7,Risky
Alec Pierce,823.59,7.0,36.93,167.31399999999988,43.288513333454034,58.666666666666664,18.175074506954115,3.0,69.01975989121867,34.97267759562842,46.8,Depth
Alex Bachman,158.81,4.68,25.04,73.59999999999998,19.04224739915499,,,,,,20.1,Risky
Allen Lazard,528.12,6.0,37.0,123.85799999999996,32.04530812995298,92.0,5.656854249492381,2.0,93.85124544782083,54.843517138599104,55.5,Depth
Allen Robinson,190.4,1.1542857142857144,25.0,71.89799999999995,18.601895428049524,138.0,0.0,1.0,100.0,82.26527570789865,61.2,Flex
Amari Cooper,547.0,4.0,44.0,122.46000000000016,31.683608919844076,96.57142857142857,28.159410166982916,7.0,70.84084776216868,57.56866084734937,50.5,Depth
Amari Cooper,250.0,4.0,44.0,93.0,24.061535436432266,96.57142857142857,28.159410166982916,7.0,70.84084776216868,57.56866084734937,47.5,Depth
Amari Cooper,297.0,4.0,44.0,97.702,25.278065970003283,96.57142857142857,28.159410166982916,7.0,70.84084776216868,57.56866084734937,48.0,Depth
Amari Cooper,547.0,4.0,44.0,122.70000000000016,31.74570320484132,96.57142857142857,28.159410166982916,7.0,70.84084776216868,57.56866084734937,50.6,Depth
Amari Cooper,250.0,4.0,44.0,92.905,24.036956448620856,96.57142857142857,28.159410166982916,7.0,70.84084776216868,57.56866084734937,47.5,Depth
Amari Cooper,297.0,4.0,44.0,97.70000000000002,25.277548517628308,96.57142857142857,28.159410166982916,7.0,70.84084776216868,57.56866084734937,48.0,Depth
Amari Cooper,547.0,4.0,44.0,122.70000000000016,31.74570320484132,96.57142857142857,28.159410166982916,7.0,70.84084776216868,57.56866084734937,50.6,Depth
Amari Cooper,250.0,4.0,44.0,93.0,24.061535436432266,96.57142857142857,28.159410166982916,7.0,70.84084776216868,57.56866084734937,47.5,Depth
Amari Cooper,297.0,4.0,44.0,97.70000000000002,25.277548517628308,96.57142857142857,28.159410166982916,7.0,70.84084776216868,57.56866084734937,48.0,Depth
Amon-Ra St. Brown,1268.29,12.12,115.21,305.1040000000003,78.93839470749718,158.5,29.2175746198528,4.0,81.56619909431242,94.48584202682562,85.0,Elite
Andrei Iosivas,478.66,6.0,35.67,112.633,29.141106675394358,,,,,,24.2,Risky
Anthony Gould,190.34,0.94,24.94,73.02099999999999,18.89244493659914,,,,,,20.1,Risky
Anthony Miller,168.12,6.027268759018759,24.76,75.14499999999997,19.441979358824753,61.0,0.0,1.0,100.0,36.36363636363637,45.5,Depth
Ashton Dulin,188.96,1.1242857142857143,24.75,70.52999999999996,18.24795800356523,,,,,,19.8,Risky
Austin Trammell,182.35,5.985602092352092,25.1,84.44699999999995,21.84865035484295,,,,,,21.2,Risky
Ben Skowronek,199.75,0.94,25.26,73.02299999999998,18.892962388974116,,,,,,20.1,Risky
Bo Melton,182.17,1.0142857142857142,24.85,73.30799999999994,18.966699352408334,,,,,,20.1,Risky
Brandin Cooks,286.74,3.24,26.76,93.79299999999996,24.26670530311065,105.0,22.315913604421397,4.0,78.746749150582,62.59314456035767,51.3,Depth
Brandon Aiyuk,329.93,0.41,26.37,94.96200000000006,24.569156216284753,107.75,17.557049866079435,4.0,83.70575433583575,64.23248882265275,53.2,Depth
Brandon Johnson,159.5,5.902268759018758,25.2,76.07699999999997,19.68311216556405,,,,,,20.4,Risky
Brandon Powell,194.15,0.98,25.01,73.51199999999999,19.019479494656004,,,,,,20.1,Risky
Braxton Berrios,163.27,4.55,25.08,69.42299999999997,17.961548114015446,,,,,,19.7,Risky
Brian Thomas,1278.92,10.06,87.02,281.943,72.9460374790755,147.0,0.0,1.0,100.0,87.63040238450075,84.8,Elite
Britain Covey,155.84,4.5,25.19,73.22499999999997,18.945225078846796,,,,,,20.1,Risky
Bryce Oliver,199.08,0.9142857142857144,25.31,72.91999999999999,18.866313591662802,,,,,,20.0,Risky
Brycen Tremayne,156.53,5.80226875901876,25.25,72.34299999999996,18.717028581481916,,,,,,20.0,Risky
Bub Means,163.04,1.1933333333333334,25.17,72.96199999999996,18.877180091537312,,,,,,20.1,Risky
Calvin Austin III,548.36,4.01,35.8,117.68199999999992,30.44741519602387,60.0,0.0,1.0,100.0,35.767511177347245,49.7,Depth
Calvin Ridley,1015.66,4.0,63.94,204.96300000000025,53.02929556620938,120.66666666666667,25.166114784235834,3.0,79.14410394280922,71.9324391455539,66.2,Flex
Casey Washington,185.59,1.0042857142857142,25.2,72.21999999999997,18.685205260420833,,,,,,20.0,Risky
Cedric Tillman,316.39,3.22,28.41,101.48,26.255533506334906,,,,,,23.0,Risky
Cedrick Wilson Jr.,242.92,1.24,25.17,79.23499999999999,20.5001694656528,81.0,0.0,1.0,100.0,48.28614008941878,50.1,Depth
CeeDee Lamb,1196.01,6.0,100.43,258.06771428571454,66.76887583101933,148.4,44.337343177055615,5.0,70.12308431382314,88.46497764530552,75.2,Starter
Charlie Jones,182.61,1.1,25.2,73.34099999999998,18.975237316595464,,,,,,20.1,Risky
Chris Blair,163.17,5.985602092352092,25.14,74.37799999999996,19.24353637302105,,,,,,20.2,Risky
Chris Conley,197.07,0.9742857142857144,24.93,71.98899999999998,18.625439511110987,,,,,,20.0,Risky
Chris Godwin,574.96,5.01,50.21,134.1539999999999,34.709152956334755,108.8,20.632498636859278,5.0,81.03630657424416,64.85842026825634,56.8,Depth
Chris Olave,388.02,0.96,31.01,91.734,23.7339880830718,106.5,14.849242404917497,2.0,86.05704951597372,63.48733233979136,53.2,Depth
Christian Kirk,342.4,0.92,26.91,95.31500000000008,24.660486560468208,99.5,25.514701644346147,4.0,74.35708403224423,59.31445603576751,49.2,Depth
Christian Watson,619.7,2.0,28.54,109.69399999999996,28.38071041036559,64.66666666666667,27.610384519838426,3.0,57.30352975328805,38.54942871336314,39.2,Risky
Cody White,165.15,5.985602092352092,24.94,74.83099999999996,19.360739335953355,,,,,,20.2,Risky
Collin Johnson,183.08,1.1442857142857144,25.21,72.42799999999997,18.739020307418443,,,,,,20.0,Risky
Cooper Kupp,710.33,6.0,66.99,173.18499999999992,44.807494780199136,132.0,61.806148561449774,5.0,53.17716053543835,78.68852459016394,58.8,Depth
Courtland Sutton,1080.31,8.0,80.89,239.77699999999976,62.036589057434554,98.5,29.827280577797683,4.0,69.71849718275874,58.71833084947839,62.8,Flex
Curtis Samuel,266.46,1.03,28.72,87.96099999999997,22.75781417767761,97.66666666666667,8.144527815247079,3.0,91.66089310731466,58.22155986090413,52.4,Depth
D'Wayne Eskridge,164.92,5.109976190476192,25.12,72.99599999999998,18.885976781911925,,,,,,20.1,Risky
D.J. Moore,965.71,6.0,97.99,233.15699999999973,60.32382169626055,119.2,23.594490882407275,5.0,80.20596419088346,71.05812220566318,69.1,Flex
D.K. Metcalf,991.56,5.0,65.83,195.7396666666669,50.64297769694027,125.2,21.04043725781382,5.0,83.19453906568754,74.63487332339791,67.2,Flex
DJ Chark,152.87,1.2733333333333332,25.06,70.45599999999996,18.228812265691083,65.33333333333333,17.502380790433435,3.0,73.21064205733695,38.94684550422255,39.2,Risky
DJ Turner,183.99,1.17,24.99,80.02399999999994,20.704304427581228,,,,,,20.8,Risky
Dan Chisena,165.35,4.79,25.18,73.76499999999999,19.0849372200906,,,,,,20.1,Risky
Dante Pettis,178.21,1.2842857142857145,25.0,72.61199999999997,18.78662592591633,,,,,,20.0,Risky
Dareke Young,194.35,1.1242857142857143,25.38,69.62399999999998,18.01355207770064,,,,,,19.7,Risky
Darius Slayton,572.88,2.0,38.83,108.37099999999997,28.038415664318283,62.75,10.242883708539635,4.0,83.67667960907342,37.40685543964232,45.2,Depth
Darnell Mooney,991.89,5.0,63.98,195.33800000000025,50.53905601163239,85.5,24.79919353527449,4.0,70.99509561961936,50.96870342771982,55.8,Depth
Davante Adams,1063.0,7.491770923520923,75.71547402597403,227.38018181818163,58.82920755226439,147.3,39.22031786374676,10.0,73.37385091820417,87.80923994038749,72.6,Starter
Davante Adams,209.0,7.474709235209238,75.47926623376624,141.26548917748906,36.54908143859238,147.3,39.22031786374676,10.0,73.37385091820417,87.80923994038749,63.7,Flex
Davante Adams,854.0,7.470102702852702,75.50470579420579,205.69579820179828,53.21888965115903,147.3,39.22031786374676,10.0,73.37385091820417,87.80923994038749,70.4,Starter
Davante Adams,1063.0,7.507953823953823,76.14316883116884,227.47489177489163,58.85371149828118,147.3,39.22031786374676,10.0,73.37385091820417,87.80923994038749,72.6,Starter
Davante Adams,209.0,7.515987012987014,76.22776623376623,142.28368831168814,36.812516218687826,147.3,39.22031786374676,10.0,73.37385091820417,87.80923994038749,63.8,Flex
Davante Adams,854.0,7.497404761904761,75.78828571428572,206.41857142857148,53.40589001254084,147.3,39.22031786374676,10.0,73.37385091820417,87.80923994038749,70.4,Starter
Davante Adams,1063.0,7.505093073593075,76.09167532467532,227.38223376623355,58.82973844496079,147.3,39.22031786374676,10.0,73.37385091820417,87.80923994038749,72.6,Starter
Davante Adams,209.0,7.516858419358422,76.29422077922078,142.2446020646019,36.80240358299597,147.3,39.22031786374676,10.0,73.37385091820417,87.80923994038749,63.8,Flex
Davante Adams,854.0,7.501457806082802,76.03824050949049,206.50498734598736,53.42824807339216,147.3,39.22031786374676,10.0,73.37385091820417,87.80923994038749,70.4,Starter
David Bell,176.8,5.84226875901876,25.47,89.70799999999997,23.20980882722005,,,,,,21.8,Risky
David Moore,321.79,3.17,30.95,87.14599999999997,22.54695233487447,71.0,0.0,1.0,100.0,42.32488822652757,48.8,Depth
DeAndre Carter,192.69,1.1542857142857144,24.94,73.18199999999997,18.93409985278479,64.0,0.0,1.0,100.0,38.152011922503725,45.9,Depth
DeAndre Hopkins,610.0,5.0,56.0,147.086,38.055000012936304,99.71428571428571,25.499766572227585,7.0,74.42716845050217,59.44219714711517,54.6,Depth
DeAndre Hopkins,173.0,5.0,56.0,103.29999999999994,26.726415167563992,99.71428571428571,25.499766572227585,7.0,74.42716845050217,59.44219714711517,50.1,Depth
DeAndre Hopkins,437.0,4.99,56.0,129.7000000000002,33.55678651726096,99.71428571428571,25.499766572227585,7.0,74.42716845050217,59.44219714711517,52.8,Depth
DeAndre Hopkins,610.0,5.0,56.0,147.0,38.03274956081229,99.71428571428571,25.499766572227585,7.0,74.42716845050217,59.44219714711517,54.6,Depth
DeAndre Hopkins,173.0,5.0,56.0,103.19899999999994,26.700283822627657,99.71428571428571,25.499766572227585,7.0,74.42716845050217,59.44219714711517,50.1,Depth
DeAndre Hopkins,437.0,5.0,56.0,129.6080000000002,33.53298370801202,99.71428571428571,25.499766572227585,7.0,74.42716845050217,59.44219714711517,52.8,Depth
DeAndre Hopkins,610.0,5.0,56.0,147.0,38.03274956081229,99.71428571428571,25.499766572227585,7.0,74.42716845050217,59.44219714711517,54.6,Depth
DeAndre Hopkins,173.0,5.0,56.0,103.29999999999994,26.726415167563992,99.71428571428571,25.499766572227585,7.0,74.42716845050217,59.44219714711517,50.1,Depth
DeAndre Hopkins,437.0,5.0,56.0,129.7000000000002,33.55678651726096,99.71428571428571,25.499766572227585,7.0,74.42716845050217,59.44219714711517,52.8,Depth
DeVonta Smith,832.5,7.9944444444444445,67.906,199.532,51.62415364195917,117.5,17.935068069752806,4.0,84.73611241096687,70.04470938897168,66.3,Flex
Deebo Samuel,668.7,3.0,50.93,154.26200000000014,39.911619134353955,113.5,40.15387071420803,4.0,64.62214065160401,67.6602086438152,55.8,Depth
Demarcus Robinson,505.03,7.0058333333333325,29.21,109.107,28.228838138309843,,,,,,23.8,Risky
Demario Douglas,620.65,3.0,66.05,148.7020000000002,38.473101531917806,66.5,24.748737341529164,2.0,62.78385418140194,39.642324888226526,45.0,Depth
Derius Davis,190.01,3.74,24.96,75.23299999999993,19.46474726332373,,,,,,20.3,Risky
Devaughn Vele,476.58,3.0,40.25,105.64599999999992,27.33338680341205,,,,,,23.4,Risky
Deven Thompkins,144.95,1.05,25.16,72.14399999999995,18.6655420701717,,,,,,20.0,Risky
Devin Duvernay,183.45,0.9742857142857144,25.21,72.28399999999996,18.701763736420098,61.0,0.0,1.0,100.0,36.36363636363637,45.2,Depth
Devontez Walker,190.67,1.2442857142857142,25.07,70.35499999999996,18.202680920754744,,,,,,19.8,Risky
Diontae Johnson,356.01,3.01,32.62,99.267,25.682972453422813,113.0,35.61834733205159,4.0,68.47933892314603,67.36214605067065,51.0,Depth
Diontae Johnson,296.56,3.15,30.31,127.3876623376624,32.95852420969819,113.0,35.61834733205159,4.0,68.47933892314603,67.36214605067065,53.9,Depth
Diontae Johnson,146.63,5.707929126429127,28.25,71.37999999999994,18.46787526293047,113.0,35.61834733205159,4.0,68.47933892314603,67.36214605067065,48.1,Depth
Diontae Johnson,146.63,5.757929126429128,28.34,71.48999999999994,18.496335143554205,113.0,35.61834733205159,4.0,68.47933892314603,67.36214605067065,48.1,Depth
Diontae Johnson,355.98,3.01,32.62,99.411,25.720229024421158,113.0,35.61834733205159,4.0,68.47933892314603,67.36214605067065,51.0,Depth
Diontae Johnson,296.56,3.15,30.28,127.4513333333334,32.974997563661745,113.0,35.61834733205159,4.0,68.47933892314603,67.36214605067065,53.9,Depth
Diontae Johnson,146.63,5.707268759018758,28.15,71.09099999999995,18.39310339474629,113.0,35.61834733205159,4.0,68.47933892314603,67.36214605067065,48.1,Depth
Diontae Johnson,146.63,5.757268759018758,28.24,71.20099999999994,18.421563275370023,113.0,35.61834733205159,4.0,68.47933892314603,67.36214605067065,48.1,Depth
Diontae Johnson,355.29,3.01,32.61,99.85399999999998,25.83484472547857,113.0,35.61834733205159,4.0,68.47933892314603,67.36214605067065,51.0,Depth
Diontae Johnson,295.81,3.15,30.19,128.58947619047626,33.26946492590761,113.0,35.61834733205159,4.0,68.47933892314603,67.36214605067065,54.0,Depth
Diontae Johnson,153.89,5.775602092352091,28.12,71.84599999999996,18.588441666300124,113.0,35.61834733205159,4.0,68.47933892314603,67.36214605067065,48.1,Depth
Diontae Johnson,153.89,5.825602092352092,28.21,71.92299999999996,18.60836358273674,113.0,35.61834733205159,4.0,68.47933892314603,67.36214605067065,48.1,Depth
Diontae Johnson,355.29,3.01,32.61,99.85399999999998,25.83484472547857,113.0,35.61834733205159,4.0,68.47933892314603,67.36214605067065,51.0,Depth
Diontae Johnson,295.81,3.15,30.19,128.58947619047626,33.26946492590761,113.0,35.61834733205159,4.0,68.47933892314603,67.36214605067065,54.0,Depth
Diontae Johnson,153.89,5.775602092352091,28.12,71.84599999999996,18.588441666300124,113.0,35.61834733205159,4.0,68.47933892314603,67.36214605067065,48.1,Depth
Diontae Johnson,153.89,5.825602092352092,28.21,71.92299999999996,18.60836358273674,113.0,35.61834733205159,4.0,68.47933892314603,67.36214605067065,48.1,Depth
Dontayvion Wicks,418.66,5.0,38.78,109.45899999999996,28.31990975630579,63.0,0.0,1.0,100.0,37.5558867362146,49.5,Depth
Drake London,1272.97,9.0,100.11,283.75299999999964,73.41433187842964,110.33333333333333,38.552993831002716,3.0,65.05770983542615,65.77247888723299,68.7,Flex
Dyami Brown,322.09,1.04,28.39,83.40599999999995,21.5793163936674,,,,,,21.1,Risky
Elijah Moore,537.8,0.92,60.87,115.24900000000004,29.817934381864337,75.0,5.656854249492381,2.0,92.45752776790978,44.70938897168406,50.7,Depth
Erik Ezukanma,161.19,5.872268759018758,25.27,71.50499999999997,18.50021603636654,,,,,,19.9,Risky
Gabriel Davis,266.07,3.37,26.14,83.55999999999996,21.619160226540636,81.25,8.808140174482544,4.0,89.15921222636965,48.43517138599106,47.9,Depth
Garrett Wilson,1104.27,7.0,100.86,253.61200000000005,65.61606586133829,121.0,19.28730152198591,3.0,84.06008151852336,72.1311475409836,72.5,Starter
George Pickens,897.9,3.0,59.0,171.5519999999999,44.38499491603039,84.0,8.18535277187245,3.0,90.25553253044313,50.074515648286145,57.8,Depth
Grant Dubose,155.21,5.825602092352092,25.21,71.94199999999995,18.61327938029902,,,,,,19.9,Risky
Greg Dortch,330.81,3.17,36.86,97.82399999999994,25.309630564876866,64.0,0.0,1.0,100.0,38.152011922503725,48.5,Depth
Irvin Charles,194.44,1.1142857142857143,25.34,69.62399999999998,18.01355207770064,,,,,,19.7,Risky
Isaiah Hodgins,157.85,5.902268759018758,25.2,75.36799999999998,19.499675298634696,,,,,,20.3,Risky
Isaiah Williams,156.53,5.825602092352092,25.25,72.34299999999996,18.717028581481916,,,,,,20.0,Risky
Ja'Lynn Polk,181.59,3.66,25.46,71.96799999999995,18.620006261173717,,,,,,19.9,Risky
Ja'Marr Chase,1716.44,16.18,126.3,386.50900000000007,100.0,167.75,41.660332851926825,4.0,75.16522646582469,100.0,93.8,Elite
Jacob Cowing,193.61,0.8142857142857143,25.02,71.67399999999996,18.5439407620521,,,,,,19.9,Risky
Jaelon Darden,154.85,1.06,25.22,73.20399999999997,18.939791828909534,,,,,,20.1,Risky
Jahan Dotson,209.39,0.73,25.12,78.96499999999997,20.430313395030893,75.0,2.8284271247461903,2.0,96.2287638839549,44.70938897168406,47.9,Depth
Jake Bobo,193.2,1.26,25.18,74.28499999999998,19.219474837584627,,,,,,20.2,Risky
Jakobi Meyers,1025.96,4.0,87.18,217.718,56.32934808762538,99.8,26.442390209661458,5.0,73.5046192938801,59.49329359165425,61.7,Flex
Jalen Brooks,194.79,1.07,25.3,71.64199999999997,18.53566152405247,,,,,,19.9,Risky
Jalen Coker,477.78,2.04,31.22,97.55300000000004,25.2395157680675,,,,,,22.6,Risky
Jalen McMillan,460.36,7.989777777777778,36.93,115.758,29.949626011295976,,,,,,24.5,Risky
Jalen Nailor,411.08,6.0,27.63,94.23999999999997,24.38235590891802,,,,,,22.3,Risky
Jalen Reagor,179.01,0.8742857142857143,25.16,70.60999999999997,18.268656098564318,,,,,,19.8,Risky
Jalen Tolbert,610.04,7.0,48.94,150.92699999999996,39.04876729907969,91.0,0.0,1.0,100.0,54.24739195230999,59.6,Depth
Jalin Hyatt,187.78,1.2042857142857144,25.26,69.92099999999996,18.090393755384724,,,,,,19.7,Risky
Jamari Thrash,183.08,1.2442857142857142,25.3,69.83299999999997,18.067625850885737,,,,,,19.7,Risky
James Proche,189.27,1.03,25.17,73.88899999999998,19.117019267339174,,,,,,20.1,Risky
Jameson Williams,1004.02,7.0,57.91,211.50500000000028,54.72188228475928,106.0,0.0,1.0,100.0,63.189269746646794,69.0,Flex
Jamison Crowder,158.81,4.48,25.01,74.35099999999996,19.236550765958864,95.0,0.0,1.0,100.0,56.63189269746647,52.5,Depth
Jauan Jennings,974.97,6.0,77.195,214.144,55.40466069354141,113.0,0.0,1.0,100.0,67.36214605067065,70.7,Starter
Javon Baker,193.2,1.1742857142857144,25.28,69.44699999999997,17.96775754251517,,,,,,19.7,Risky
Jaxon Smith-Njigba,1126.25,6.0,99.89,253.2899999999997,65.5327560289669,111.5,34.64823227814083,2.0,68.92535249561045,66.46795827123697,66.7,Flex
Jayden Reed,856.56,6.0,54.93,195.699,50.63245616531567,110.5,19.091883092036785,2.0,82.72227790112257,65.87183308494784,64.0,Flex
Jaylen Waddle,743.88,2.0,57.91,147.3870000000001,38.13287659537038,108.75,32.93807320816849,4.0,69.71211686869916,64.82861400894187,55.4,Depth
Jermaine Burton,194.9,0.9442857142857144,25.07,69.91499999999998,18.0888413982598,,,,,,19.7,Risky
Jermaine Jackson,159.31,5.943935425685424,25.25,74.33499999999998,19.232411146959052,,,,,,20.2,Risky
Jerry Jeudy,1230.08,4.0,90.21,241.61000000000016,62.510834159101115,88.25,23.86594505426788,4.0,72.95643650557253,52.6080476900149,61.7,Flex
Jha'Quan Jackson,182.72,1.1242857142857143,25.32,69.59599999999996,18.006307744450957,,,,,,19.7,Risky
John Metchie,271.51,1.23,25.72,81.42999999999999,21.0680734471901,,,,,,20.9,Risky
John Ross,157.52,5.950602092352092,25.01,74.46999999999997,19.267339182270003,,,,,,20.2,Risky
Johnny Wilson,188.11,1.2742857142857142,25.28,70.76299999999996,18.30824120525006,,,,,,19.8,Risky
Jonathan Mingo,193.67,0.89,25.36,74.45699999999997,19.26397574183265,,,,,,20.2,Risky
Jonathan Mingo,172.92,1.0142857142857142,25.22,69.25899999999997,17.91911701926733,,,,,,19.7,Risky
Jonathan Mingo,170.29,1.1542857142857144,25.18,69.62999999999997,18.015104434825567,,,,,,19.7,Risky
Jonathan Mingo,193.34,0.9,25.38,73.96699999999997,19.137199909963275,,,,,,20.2,Risky
Jonathan Mingo,172.26,1.0242857142857142,25.25,68.71399999999997,17.778111247086084,,,,,,19.6,Risky
Jonathan Mingo,169.63,1.1642857142857144,25.21,69.08499999999998,17.87409866264433,,,,,,19.6,Risky
Jonathan Mingo,198.29,0.99,25.4,74.51199999999999,19.278205682144524,,,,,,20.2,Risky
Jonathan Mingo,178.87,1.1142857142857143,25.25,69.42999999999998,17.963359197327865,,,,,,19.7,Risky
Jonathan Mingo,176.23,1.2542857142857142,25.21,69.83299999999997,18.067625850885737,,,,,,19.7,Risky
Jordan Addison,874.89,9.0,63.0,209.31600000000003,54.15553066034685,126.5,4.949747468305833,2.0,96.08715618246846,75.40983606557377,72.1,Starter
Jordan Whittington,322.15,0.71,25.2,78.44700000000002,20.296293229911853,,,,,,20.6,Risky
Josh Downs,802.92,5.0,72.25358441558441,183.89500000000004,47.57845224820121,91.0,15.556349186104045,2.0,82.90511097235698,54.24739195230999,58.7,Depth
Josh Palmer,583.17,0.96,38.87,104.77699999999986,27.108553746484514,61.666666666666664,24.664414311581236,3.0,60.00365311629551,36.76105315449578,38.7,Risky
Josh Reynolds,204.4,1.1642857142857144,25.11,75.08599999999997,19.426714513762928,63.333333333333336,7.023769168568491,3.0,88.90983832999967,37.754595131644315,43.2,Depth
Josh Reynolds,185.75,5.058285714285714,25.23,91.39,23.64498627457575,63.333333333333336,7.023769168568491,3.0,88.90983832999967,37.754595131644315,44.9,Depth
Josh Reynolds,160.16,5.898640692640692,25.07,71.77699999999997,18.57058955936342,63.333333333333336,7.023769168568491,3.0,88.90983832999967,37.754595131644315,42.9,Depth
Josh Reynolds,204.4,1.163333333333333,25.07,75.03499999999997,19.413519478201014,63.333333333333336,7.023769168568491,3.0,88.90983832999967,37.754595131644315,43.2,Depth
Josh Reynolds,185.75,5.073309523809525,25.19,91.33899999999996,23.631791239013825,63.333333333333336,7.023769168568491,3.0,88.90983832999967,37.754595131644315,44.9,Depth
Josh Reynolds,160.16,5.900602092352091,25.03,71.45999999999997,18.488573357929557,63.333333333333336,7.023769168568491,3.0,88.90983832999967,37.754595131644315,42.8,Depth
Josh Reynolds,204.4,1.163333333333333,25.07,75.03499999999997,19.413519478201014,63.333333333333336,7.023769168568491,3.0,88.90983832999967,37.754595131644315,43.2,Depth
Josh Reynolds,185.75,5.073309523809525,25.19,91.33899999999996,23.631791239013825,63.333333333333336,7.023769168568491,3.0,88.90983832999967,37.754595131644315,44.9,Depth
Josh Reynolds,160.16,5.900602092352091,25.03,71.45999999999997,18.488573357929557,63.333333333333336,7.023769168568491,3.0,88.90983832999967,37.754595131644315,42.8,Depth
JuJu Smith-Schuster,222.07,3.59,25.55,81.283,21.03004069762929,123.5,38.890872965260115,2.0,68.50941485801275,73.6214605067064,51.3,Depth
Justin Jefferson,1528.14,10.06,103.14,317.9869999999996,82.27156418091158,148.2,33.92933833719721,5.0,77.10570977850585,88.34575260804768,83.1,Elite
Justin Watson,319.11,3.51,25.26,81.17400000000002,21.001839543193046,45.0,0.0,1.0,100.0,26.825633383010434,42.8,Depth
Justyn Ross,161.19,5.872268759018758,25.29,71.50499999999997,18.50021603636654,,,,,,19.9,Risky
K.J. Osborn,152.87,1.2733333333333332,25.15,70.37999999999997,18.209149075441957,82.66666666666667,14.468356276140472,3.0,82.49795632929028,49.27968206656732,45.2,Depth
KaVontae Turpin,419.26,2.04,28.63,86.78999999999998,22.454845812128557,,,,,,21.5,Risky
Kadarius Toney,154.92,5.803935425685425,25.16,71.80799999999995,18.578610071175557,,,,,,19.9,Risky
Kalif Raymond,220.99,3.6,25.01,80.24899999999997,20.762517819766153,53.333333333333336,16.441816606851365,3.0,69.1715944401863,31.793343268753105,36.7,Risky
Kameron Johnson,153.04,4.489999999999999,24.76,69.41499999999996,17.959478304515535,,,,,,19.7,Risky
Kayshon Boutte,589.46,3.0,42.95,117.95699999999982,30.51856489758319,61.0,0.0,1.0,100.0,36.36363636363637,49.9,Depth
Keenan Allen,744.26,7.164259990009989,70.15285714285714,181.64699999999996,46.996835778727,128.4,26.359059163786558,5.0,79.47113788278976,76.5424739195231,65.5,Flex
Kendric Pryor,159.5,5.902268759018758,25.23,76.07699999999997,19.68311216556405,,,,,,20.4,Risky
Kendrick Bourne,321.59,0.98,27.33,92.28999999999998,23.87783984331541,73.0,16.97056274847714,2.0,76.7526540876662,43.51713859910581,44.0,Depth
Keon Coleman,557.12,4.02,28.46,114.34100000000002,29.583011003624755,53.0,0.0,1.0,100.0,31.594634873323397,47.9,Depth
Kevin Austin,180.31,1.0442857142857145,25.15,73.71899999999995,19.07303581546612,,,,,,20.1,Risky
KhaDarel Hodge,197.6,1.1542857142857144,24.87,73.11399999999999,18.916506472035575,,,,,,20.1,Risky
Khalil Shakir,822.04,4.0,75.79,181.708,47.012618076163804,75.5,34.64823227814083,2.0,54.10830222619357,45.007451564828614,48.1,Depth
Kristian Wilkerson,158.51,5.925602092352092,25.18,75.92199999999997,19.64300960650333,,,,,,20.4,Risky
Ladd McConkey,1148.94,7.0,81.8,234.42700000000016,60.65240395437108,124.0,0.0,1.0,100.0,73.91952309985098,75.1,Starter
Laviska Shenault Jr.,188.55,0.94,25.29,73.51399999999998,19.01999694703098,75.5,17.67766952966369,2.0,76.58586848275182,45.007451564828614,42.5,Depth
Lil'Jordan Humphrey,298.46,1.13,29.24,84.78899999999997,21.937134710964028,,,,,,21.3,Risky
Luke McCaffrey,202.29,1.07,25.17,78.84299999999999,20.3987488001573,,,,,,20.7,Risky
Mack Hollins,360.67,4.98,29.78,96.18399999999998,24.885319617395705,81.0,0.0,1.0,100.0,48.28614008941878,51.9,Depth
Malachi Corley,175.44,1.1742857142857144,24.87,69.49499999999996,17.980176399514615,,,,,,19.7,Risky
Malik Heath,194.13,3.59,25.44,74.55099999999999,19.288296003456576,,,,,,20.2,Risky
Malik Nabers,1201.26,7.003333333333333,108.75,271.1219999999998,70.1463614042622,151.0,0.0,1.0,100.0,90.01490312965723,84.6,Elite
Malik Washington,268.0,0.86,26.1,82.86199999999997,21.43856934767365,,,,,,21.1,Risky
Marquez Valdes-Scantling,384.66,4.63,25.16,96.584,24.988810092391116,61.5,10.606601717798213,2.0,82.75349342222252,36.661698956780924,43.5,Depth
Marquez Valdes-Scantling,158.22,4.514285714285714,25.0,69.64899999999996,18.02002023238785,61.5,10.606601717798213,2.0,82.75349342222252,36.661698956780924,40.7,Depth
Marquez Valdes-Scantling,359.15,4.69,25.13,98.85600000000004,25.576635990365045,61.5,10.606601717798213,2.0,82.75349342222252,36.661698956780924,43.8,Depth
Marquez Valdes-Scantling,384.81,4.65,25.09,96.753,25.03253481807668,61.5,10.606601717798213,2.0,82.75349342222252,36.661698956780924,43.5,Depth
Marquez Valdes-Scantling,163.83,4.553333333333333,24.84,69.49999999999996,17.98147003045206,61.5,10.606601717798213,2.0,82.75349342222252,36.661698956780924,40.7,Depth
Marquez Valdes-Scantling,359.54,4.73,25.04,99.34800000000004,25.703929274609393,61.5,10.606601717798213,2.0,82.75349342222252,36.661698956780924,43.8,Depth
Marquez Valdes-Scantling,384.64,4.64,25.07,96.17199999999998,24.882214903145844,61.5,10.606601717798213,2.0,82.75349342222252,36.661698956780924,43.5,Depth
Marquez Valdes-Scantling,157.56,4.514285714285714,24.9,69.22499999999997,17.910320328892716,61.5,10.606601717798213,2.0,82.75349342222252,36.661698956780924,40.7,Depth
Marquez Valdes-Scantling,359.14,4.7,25.04,98.88800000000003,25.584915228364675,61.5,10.606601717798213,2.0,82.75349342222252,36.661698956780924,43.8,Depth
Marquise Brown,194.2,5.815602092352092,25.37,126.24428571428574,32.66270273506845,98.25,23.11384866265244,4.0,76.4744545268224,58.56929955290611,52.7,Depth
Marvin Harrison Jr.,884.32,8.0,62.1,198.9958571428571,51.48543944458138,110.0,0.0,1.0,100.0,65.57377049180327,68.5,Flex
Marvin Mims,502.8,6.0,38.85,123.40299999999998,31.9275877146457,75.0,0.0,1.0,100.0,44.70938897168406,53.4,Depth
Mason Kinsey,158.81,4.68,25.2,73.93199999999997,19.128144493401177,,,,,,20.2,Risky
Mason Tipton,185.66,1.1642857142857144,25.35,70.33499999999998,18.19750639700498,,,,,,19.8,Risky
Mecole Hardman,187.07,0.97,25.03,74.80299999999994,19.353495002703667,68.0,4.242640687119285,2.0,93.76082261069485,40.536512667660205,45.4,Depth
Michael Pittman Jr.,806.72,3.0,69.0,169.00299999999982,43.72550186412212,102.6,36.21187650481538,5.0,64.70577373111782,61.16244411326378,55.1,Depth
Michael Wilson,548.05,4.0,46.98,126.79099999999995,32.804152037856795,63.5,10.606601717798213,2.0,83.29669047123603,37.85394932935917,47.2,Depth
Michael Woods II,154.52,4.423333333333333,25.22,69.67599999999997,18.02700583945004,,,,,,19.7,Risky
Mike Evans,1003.81,11.07,74.3,237.04214285714303,61.32900989553749,143.2,18.40380395461764,5.0,87.14818168568473,85.36512667660207,76.2,Starter
Mike Williams,314.98,1.06,24.8,79.24600000000001,20.503015453715175,98.33333333333333,27.790885796126275,3.0,71.73808252863685,58.61897665176353,46.7,Depth
Mike Williams,197.33,1.0142857142857142,24.83,74.89499999999997,19.37729781195262,98.33333333333333,27.790885796126275,3.0,71.73808252863685,58.61897665176353,46.2,Depth
Mike Williams,194.43,1.2,24.87,73.74599999999998,19.080021422528315,98.33333333333333,27.790885796126275,3.0,71.73808252863685,58.61897665176353,46.1,Depth
Mike Williams,314.98,1.06,24.87,79.32600000000001,20.52371354871426,98.33333333333333,27.790885796126275,3.0,71.73808252863685,58.61897665176353,46.7,Depth
Mike Williams,197.33,1.0242857142857142,24.91,74.87999999999997,19.373416919140293,98.33333333333333,27.790885796126275,3.0,71.73808252863685,58.61897665176353,46.2,Depth
Mike Williams,194.43,1.2,24.95,73.69999999999997,19.06812001790384,98.33333333333333,27.790885796126275,3.0,71.73808252863685,58.61897665176353,46.1,Depth
Mike Williams,314.98,1.06,24.87,79.32600000000001,20.52371354871426,98.33333333333333,27.790885796126275,3.0,71.73808252863685,58.61897665176353,46.7,Depth
Mike Williams,197.33,1.0242857142857142,24.91,74.87999999999997,19.373416919140293,98.33333333333333,27.790885796126275,3.0,71.73808252863685,58.61897665176353,46.2,Depth
Mike Williams,194.43,1.2,24.95,73.69999999999997,19.06812001790384,98.33333333333333,27.790885796126275,3.0,71.73808252863685,58.61897665176353,46.1,Depth
Nelson Agholor,210.92,3.47,25.22,76.999,19.921657710428473,75.5,28.991378028648448,2.0,61.600824311712984,45.007451564828614,39.1,Risky
Nick Westbrook-Ikhine,494.16,9.0,30.63,104.21600000000004,26.963408355303503,62.0,0.0,1.0,100.0,36.95976154992549,48.7,Depth
Nico Collins,1005.84,7.004,68.08,211.93500000000012,54.8331345453793,95.66666666666667,41.40450861118066,3.0,56.72002629437534,57.029309488325886,56.1,Depth
Nikko Remigio,162.94,4.613333333333333,24.99,69.72299999999997,18.039165970262,,,,,,19.7,Risky
Noah Brown,448.37,0.95,34.61,96.71600000000004,25.02296194913961,53.0,11.313708498984761,2.0,78.6533805933612,31.594634873323397,40.7,Depth
Odell Beckham Jr.,184.98,1.2242857142857142,24.92,70.00999999999998,18.11342038607121,68.75,10.5,4.0,84.72727294942149,40.98360655737705,42.8,Depth
Olamide Zaccheaus,504.2,3.0,43.58,107.05599999999998,27.698190727770882,58.0,0.0,1.0,100.0,34.575260804769,48.2,Depth
Parker Washington,395.17,3.03,30.65,89.19099999999995,23.076047388288483,,,,,,21.7,Risky
Parris Campbell,156.5,4.6,25.17,73.97299999999997,19.138752267088208,81.0,0.0,1.0,100.0,48.28614008941878,49.6,Depth
Puka Nacua,989.83,3.0,78.1215,206.51299999999995,53.430321156816504,122.0,26.870057685088806,2.0,77.97536273373571,72.72727272727273,66.3,Flex
Quentin Johnston,710.28,8.0,54.97,170.8090000000002,44.19276135872649,76.5,37.476659402887016,2.0,51.01090338170451,45.603576751117735,46.4,Depth
Rakim Jarrett,198.47,0.97,25.32,73.12099999999998,18.91831755534799,,,,,,20.1,Risky
Ramel Keyton,177.55,1.2442857142857142,25.2,69.83299999999997,18.067625850885737,,,,,,19.7,Risky
Rashee Rice,292.62,6.934828282828282,25.5,124.8432857142858,32.30022734639705,121.0,0.0,1.0,100.0,72.1311475409836,63.2,Flex
Rashid Shaheed,271.41,5.3886785714285725,25.23,95.93600000000006,24.82115552289857,61.0,21.213203435596427,2.0,65.22425723305082,36.36363636363637,39.0,Risky
Rashod Bateman,756.56,9.0,44.7,170.6710000000001,44.15705714485305,75.5,33.23401871576773,2.0,55.981432747573436,45.007451564828614,47.4,Depth
Ray-Ray McCloud,687.99,0.95,62.06,143.76000000000005,37.1944767133495,68.0,0.0,1.0,100.0,40.536512667660205,54.1,Depth
Ricky Pearsall,390.43,3.01,29.06,101.88699999999996,26.360835064642725,,,,,,23.0,Risky
River Cracraft,185.06,1.09,24.84,74.16599999999998,19.188686421273495,,,,,,20.2,Risky
Robbie Chosen,157.52,5.840602092352092,24.84,71.84599999999996,18.588441666300124,98.0,21.213203435596427,2.0,78.35387426618861,58.42026825633383,47.5,Depth
Robert Woods,243.97,0.84,24.98,80.13100000000003,20.731988129642524,81.0,39.85808157283372,4.0,50.79249249289056,48.28614008941878,37.9,Risky
Rome Odunze,735.57,3.0,53.97,150.87799999999987,39.036089715892736,72.0,0.0,1.0,100.0,42.92101341281669,55.6,Depth
Romeo Doubs,600.61,4.0,46.0,129.5520000000002,33.51849504151266,88.5,26.16295090390226,2.0,70.43734394545118,52.75707898658718,49.5,Depth
Ronnie Bell,185.39,1.2442857142857142,25.29,69.44699999999997,17.96775754251517,,,,,,19.7,Risky
Ryan Flournoy,193.5,1.02,25.36,73.75299999999997,19.081832505840733,,,,,,20.1,Risky
Ryan Miller,187.61,3.6142857142857134,25.47,73.96199999999997,19.135906279025832,,,,,,20.2,Risky
Scott Miller,197.55,0.9642857142857144,25.23,72.09699999999998,18.653381939359747,51.0,0.0,1.0,100.0,30.402384500745157,43.1,Depth
Simi Fehoko,184.93,1.0842857142857143,25.17,71.93199999999996,18.610692118424137,,,,,,19.9,Risky
Skyy Moore,160.96,4.529999999999999,25.26,69.37899999999996,17.95016416176595,,,,,,19.7,Risky
Stefon Diggs,490.74,3.07,46.92,125.8650000000001,32.564571588242465,166.75,9.535023160258534,4.0,94.28184521554603,99.40387481371089,71.4,Starter
Sterling Shepard,323.71,1.04,30.19,92.619,23.962960758999138,90.0,0.0,1.0,100.0,53.65126676602087,53.4,Depth
Steven Sims,158.09,0.9133333333333332,25.19,72.26899999999996,18.69788284360777,,,,,,20.0,Risky
Tank Dell,667.04,3.0,50.9,144.51,37.38852135396588,79.0,14.142135623730951,2.0,82.09856272820686,47.093889716840536,52.0,Depth
Tay Martin,180.8,6.2955782828282825,24.83,84.34599999999995,21.822519009906607,,,,,,21.2,Risky
Tee Higgins,911.13,10.0,73.358,221.9493076923076,57.42409819494696,106.8,22.398660674245683,5.0,79.02747147516817,63.666169895678095,65.0,Flex
Terrace Marshall Jr.,160.2,1.0233333333333332,25.18,72.16999999999996,18.6722689510464,34.0,0.0,1.0,100.0,20.268256333830102,39.6,Risky
Terry McLaurin,1097.66,13.03,81.77,258.8049999999996,66.95963095296605,117.6,23.870483866063545,5.0,79.70196967424894,70.10432190760059,71.2,Starter
Tim Jones,199.19,0.9542857142857144,25.14,72.16999999999997,18.67226895104641,,,,,,20.0,Risky
Tim Patrick,399.7,2.98,32.72,95.75799999999995,24.77510226152559,85.0,2.8284271247461903,2.0,96.67243871591697,50.670640834575266,51.8,Depth
Tom Kennedy,161.19,5.872268759018758,25.12,71.52999999999996,18.50668419105375,,,,,,19.9,Risky
Tre Tucker,538.37,3.0,47.0,124.8829999999999,32.31050247212869,71.0,0.0,1.0,100.0,42.32488822652757,52.7,Depth
Trent Sherfield,194.84,1.24,25.06,74.192,19.195413302148197,,,,,,20.2,Risky
Trent Taylor,164.45,6.027268759018759,24.82,75.81799999999998,19.616102083004527,,,,,,20.3,Risky
Trenton Irwin,154.52,1.2333333333333334,25.0,69.71999999999997,18.038389791699537,,,,,,19.7,Risky
Trey Palmer,197.67,1.2542857142857142,25.3,74.22799999999997,19.204727444897777,,,,,,20.2,Risky
Treylon Burks,147.59,4.483333333333333,25.03,72.18799999999995,18.676926022421195,39.0,0.0,1.0,100.0,23.248882265275707,40.6,Depth
Troy Franklin,258.97,2.83,27.6,81.11899999999996,20.98760960288116,,,,,,20.9,Risky
Tutu Atwell,562.05,0.11,41.83,102.19199999999984,26.439746551826687,49.5,10.606601717798213,2.0,78.57252221510417,29.508196721311474,40.5,Depth
Tylan Wallace,212.21,1.15,25.17,74.90599999999999,19.380143800015002,,,,,,20.3,Risky
Tyler Boyd,394.74,0.41,38.85,93.56099999999998,24.20668082761332,91.75,10.5,4.0,88.55585843535849,54.69448584202683,51.0,Depth
Tyler Johnson,296.91,1.11,26.34,83.17299999999997,21.51903319198258,,,,,,21.1,Risky
Tyler Lockett,600.09,1.98,49.01,121.143,31.342866530921654,117.8,37.09043003255691,5.0,68.51406645356742,70.22354694485841,54.2,Depth
Tyler Scott,188.88,1.14,25.39,70.36699999999998,18.20578563500461,,,,,,19.8,Risky
Tyquan Thornton,161.29,4.713333333333333,25.22,72.03499999999995,18.637340915735454,,,,,,20.0,Risky
Tyreek Hill,962.16,6.0,80.89,222.2640000000002,57.505517335948234,167.0,31.176914536239792,5.0,81.3311890122445,99.55290611028316,78.2,Starter
Tyreik McAllister,157.33,5.943935425685424,24.77,75.14699999999995,19.44249681119972,,,,,,20.3,Risky
Tyrell Shavers,165.58,6.282244949494949,24.94,77.30499999999998,20.000827923799953,,,,,,20.5,Risky
Van Jefferson,297.31,2.71,25.83,82.66699999999999,21.388117741113394,86.0,0.0,1.0,100.0,51.26676602086439,51.5,Depth
Velus Jones Jr.,150.92,5.833935425685424,24.77,76.13099999999993,19.697083379688422,,,,,,20.4,Risky
Velus Jones Jr.,150.92,5.833935425685424,24.77,76.13099999999993,19.697083379688422,,,,,,20.4,Risky
Velus Jones Jr.,157.33,5.943935425685424,24.78,74.96499999999993,19.39540864507681,,,,,,20.3,Risky
Velus Jones Jr.,150.92,5.833935425685424,24.79,75.29799999999994,19.481564465510488,,,,,,20.3,Risky
Velus Jones Jr.,150.92,5.833935425685424,24.79,75.29799999999994,19.481564465510488,,,,,,20.3,Risky
Velus Jones Jr.,157.33,5.943935425685424,24.8,74.79799999999994,19.352201371766228,,,,,,20.2,Risky
Velus Jones Jr.,152.9,5.833935425685424,25.13,76.31399999999996,19.744430271998826,,,,,,20.4,Risky
Velus Jones Jr.,152.9,5.833935425685424,25.13,76.31399999999996,19.744430271998826,,,,,,20.4,Risky
Velus Jones Jr.,159.31,5.943935425685424,25.16,75.05299999999997,19.418176549575808,,,,,,20.3,Risky
Wan'Dale Robinson,697.73,3.0,93.12,173.23300000000015,44.819913637198646,91.5,27.577164466275352,2.0,69.86102277061686,54.54545454545454,54.5,Depth
Xavier Gipson,182.22,1.2442857142857142,25.1,70.23599999999993,18.1718925044436,,,,,,19.8,Risky
Xavier Hutchinson,186.68,1.2042857142857144,25.26,69.53499999999997,17.990525447014157,,,,,,19.7,Risky
Xavier Legette,493.79,4.0,49.06,116.97800000000008,30.265271960031992,,,,,,24.6,Risky
Xavier Smith,184.09,1.02,25.0,72.89999999999996,18.861139067913022,,,,,,20.0,Risky
Xavier Weaver,161.19,5.872268759018758,25.28,71.50499999999997,18.50021603636654,,,,,,19.9,Risky
Xavier Worthy,639.04,6.0,59.03,178.65100000000024,46.221692121011465,113.0,0.0,1.0,100.0,67.36214605067065,67.1,Flex
Zay Flowers,1058.77,4.0,74.2,210.96700000000004,54.58268759589039,105.5,10.606601717798213,2.0,89.94634917795099,62.891207153502236,66.3,Flex
Zay Jones,195.55,1.0,25.15,73.70799999999998,19.070189827403752,82.5,41.71930009000631,2.0,49.43115201900869,49.18032786885246,37.2,Risky
